titulo,titulo_original,ano,duracao,diretor,roteirista,elenco,nota,num_votos,sinopse,genero,verba,receita
Um Sonho de Liberdade,The Shawshank Redemption,1994,142,['Frank Darabont'],"['Stephen King', 'Frank Darabont']","['Tim Robbins', 'Morgan Freeman', 'Bob Gunton']",9.3,3000000.0,"Dois homens presos se reúnem ao longo de vários anos, encontrando consolo e eventual redenção através de atos de decência comum.",['Drama'],25000000,29332133
O Poderoso Chefão,The Godfather,1972,175,['Francis Ford Coppola'],"['Mario Puzo', 'Francis Ford Coppola']","['Marlon Brando', 'Al Pacino', 'James Caan']",9.2,2100000.0,O patriarca idoso de uma dinastia do crime organizado transfere o controle de seu império clandestino para seu filho relutante.,"['Policial', 'Drama']",6000000,250342198
Batman: O Cavaleiro das Trevas,The Dark Knight,2008,152,['Christopher Nolan'],"['Jonathan Nolan', 'Christopher Nolan', 'David S. Goyer']","['Christian Bale', 'Heath Ledger', 'Aaron Eckhart']",9.0,3000000.0,"Agora com a ajuda do tenente Jim Gordon e do promotor público Harvey Dent, Batman tem tudo para banir o crime de Gotham City de uma vez por todas. Mas em breve, os três serão vítimas do Coringa, que pretende lançar Gotham em uma anarquia.","['Ação', 'Policial', 'Drama', 'Suspense']",185000000,1009053678
O Poderoso Chefão: Parte II,The Godfather Part II,1974,202,['Francis Ford Coppola'],"['Francis Ford Coppola', 'Mario Puzo']","['Al Pacino', 'Robert De Niro', 'Robert Duvall']",9.0,1400000.0,"Em 1950, Michael Corleone, agora à frente da família, tenta expandir o negócio do crime a Las Vegas, Los Angeles e Cuba. Paralelamente, é revelada a história de Vito Corleone, e de como saiu da Sicília e chegou a Nova Iorque.","['Policial', 'Drama']",13000000,47964222
12 Homens e uma Sentença,12 Angry Men,1957,96,['Sidney Lumet'],['Reginald Rose'],"['Henry Fonda', 'Lee J. Cobb', 'Martin Balsam']",9.0,896000.0,"O julgamento de um assassinato em Nova Iorque é frustrado por um único membro, cujo ceticismo força o júri a considerar cuidadosamente as evidências antes de dar o veredito.","['Policial', 'Drama']",350000,2945
O Senhor dos Anéis: O Retorno do Rei,The Lord of the Rings: The Return of the King,2003,201,['Peter Jackson'],"['J.R.R. Tolkien', 'Fran Walsh', 'Philippa Boyens']","['Elijah Wood', 'Viggo Mortensen', 'Ian McKellen']",9.0,2000000.0,Gandalf e Aragorn lideram o Mundo dos Homens contra o exército de Sauron para desviar o olhar de Frodo e Sam quando eles se aproximam á Montanha da Perdição com o Um Anel.,"['Ação', 'Aventura', 'Drama', 'Fantasia']",94000000,1138263151
A Lista de Schindler,Schindler's List,1993,195,['Steven Spielberg'],"['Thomas Keneally', 'Steven Zaillian']","['Liam Neeson', 'Ralph Fiennes', 'Ben Kingsley']",9.0,1500000.0,"Na Polônia ocupada pelos alemães durante a Segunda Guerra Mundial, o industrial Oskar Schindler começa a se preocupar com seus trabalhadores judeus depois de testemunhar sua perseguição pelos nazistas.","['Biografia', 'Drama', 'História']",22000000,322161245
Pulp Fiction: Tempo de Violência,Pulp Fiction,1994,154,['Quentin Tarantino'],"['Quentin Tarantino', 'Roger Avary']","['John Travolta', 'Uma Thurman', 'Samuel L. Jackson']",8.9,2300000.0,"As vidas de dois assassinos da máfia, um boxeador, um gângster e sua esposa, e um par de bandidos se entrelaçam em quatro histórias de violência e redenção.","['Policial', 'Drama']",8000000,213928762
O Senhor dos Anéis: A Sociedade do Anel,The Lord of the Rings: The Fellowship of the Ring,2001,178,['Peter Jackson'],"['J.R.R. Tolkien', 'Fran Walsh', 'Philippa Boyens']","['Elijah Wood', 'Ian McKellen', 'Orlando Bloom']",8.9,2100000.0,Um manso hobbit do Condado e oito companheiros partem em uma jornada para destruir o poderoso Um Anel e salvar a Terra-média das Trevas.,"['Ação', 'Aventura', 'Drama', 'Fantasia']",93000000,888159923
Três Homens em Conflito,"Il buono, il brutto, il cattivo",1966,161,['Sergio Leone'],"['Luciano Vincenzoni', 'Sergio Leone', 'Agenore Incrocci']","['Clint Eastwood', 'Eli Wallach', 'Lee Van Cleef']",8.8,832000.0,Um impostor se junta com dois homens para encontrar fortuna num remoto cemitério.,"['Aventura', 'Drama', 'Faroeste']",1200000,25264999
Forrest Gump: O Contador de Histórias,Forrest Gump,1994,142,['Robert Zemeckis'],"['Winston Groom', 'Eric Roth']","['Tom Hanks', 'Robin Wright', 'Gary Sinise']",8.8,2300000.0,"Os governos dos presidentes Kennedy e Johnson, os eventos do Vietnã e Watergate e outras histórias são mostradas através da perspectiva de um homem do Alabama com baixo quociente intelectual.","['Drama', 'Romance']",55000000,678226465
O Senhor dos Anéis: As Duas Torres,The Lord of the Rings: The Two Towers,2002,179,['Peter Jackson'],"['J.R.R. Tolkien', 'Fran Walsh', 'Philippa Boyens']","['Elijah Wood', 'Ian McKellen', 'Viggo Mortensen']",8.8,1800000.0,"Enquanto Frodo e Sam estão perto de Mordor com a ajuda de Gollum, a divida comunhão luta contra Saruman e os Isengards.","['Ação', 'Aventura', 'Drama', 'Fantasia']",94000000,938242927
Clube da Luta,Fight Club,1999,139,['David Fincher'],"['Chuck Palahniuk', 'Jim Uhls']","['Brad Pitt', 'Edward Norton', 'Meat Loaf']",8.8,2400000.0,Um trabalhador de escritório e um fabricante de sabonetes formam um clube de luta clandestino que evolui para algo muito maior.,['Drama'],63000000,101321009
A Origem,Inception,2010,148,['Christopher Nolan'],['Christopher Nolan'],"['Leonardo DiCaprio', 'Joseph Gordon-Levitt', 'Elliot Page']",8.8,2600000.0,Um ladrão que rouba segredos corporativos através da tecnologia de entrar no subconsciente recebe a tarefa inversa de plantar uma idéia na mente do diretor de uma grande empresa.,"['Ação', 'Aventura', 'Ficção científica', 'Suspense']",160000000,839030630
Star Wars: Episódio V - O Império Contra-Ataca,Star Wars: Episode V - The Empire Strikes Back,1980,124,['Irvin Kershner'],"['Leigh Brackett', 'Lawrence Kasdan', 'George Lucas']","['Mark Hamill', 'Harrison Ford', 'Carrie Fisher']",8.7,1400000.0,"Depois que a Aliança Rebelde é dominada pelo Império, Luke Skywalker começa seu treinamento Jedi com Yoda, enquanto seus amigos são perseguidos por toda a galáxia por Darth Vader e pelo caçador de recompensas Boba Fett.","['Ação', 'Aventura', 'Fantasia', 'Ficção científica']",18000000,550016086
Matrix,The Matrix,1999,136,"['Lana Wachowski', 'Lilly Wachowski']","['Lilly Wachowski', 'Lana Wachowski']","['Keanu Reeves', 'Laurence Fishburne', 'Carrie-Anne Moss']",8.7,2100000.0,Um hacker aprende com os misteriosos rebeldes sobre a verdadeira natureza de sua realidade e seu papel na guerra contra seus controladores.,"['Ação', 'Ficção científica']",63000000,467840449
Os Bons Companheiros,Goodfellas,1990,145,['Martin Scorsese'],"['Nicholas Pileggi', 'Martin Scorsese']","['Robert De Niro', 'Ray Liotta', 'Joe Pesci']",8.7,1300000.0,"A historia do Henry Hill e sua vida na máfia, sua relação com sua esposa Karen Hill e seus colegas da máfia Jimmy Conway e Tommy DeVito no sindicato italo-americano do crime.","['Biografia', 'Policial', 'Drama']",25000000,47054352
Um Estranho no Ninho,One Flew Over the Cuckoo's Nest,1975,133,['Milos Forman'],"['Lawrence Hauben', 'Bo Goldman', 'Ken Kesey']","['Jack Nicholson', 'Louise Fletcher', 'Michael Berryman']",8.7,1100000.0,"Um criminoso alega insanidade para ser enviado a um centro de saúde mental, onde se rebela contra a opressiva enfermeira e mobiliza os pacientes a quem ela atemoriza.",['Drama'],3000000,109115366
Interestelar,Interstellar,2014,169,['Christopher Nolan'],"['Jonathan Nolan', 'Christopher Nolan']","['Matthew McConaughey', 'Anne Hathaway', 'Jessica Chastain']",8.7,2200000.0,"Uma equipe de exploradores viaja através de um buraco de minhoca no espaço, na tentativa de garantir a sobrevivência da humanidade.","['Aventura', 'Drama', 'Ficção científica']",165000000,732055745
Seven: Os Sete Crimes Capitais,Se7en,1995,127,['David Fincher'],['Andrew Kevin Walker'],"['Morgan Freeman', 'Brad Pitt', 'Kevin Spacey']",8.6,1900000.0,"Dois detetives, um novato e um veterano, perseguem um assassino em série que usa os sete pecados capitais como motivos.","['Policial', 'Drama', 'Mistério', 'Suspense']",33000000,327333559
A Felicidade Não se Compra,It's a Wonderful Life,1946,130,['Frank Capra'],"['Frances Goodrich', 'Albert Hackett', 'Frank Capra']","['James Stewart', 'Donna Reed', 'Lionel Barrymore']",8.6,510000.0,"Um anjo é enviado dos céus para ajudar um homem de negócios desesperado em sua frustração, e mostra a ele como seria a vida se nunca tivesse existido.","['Drama', 'Família', 'Fantasia', 'Romance']",3180000,9767242
Os Sete Samurais,Shichinin no samurai,1954,207,['Akira Kurosawa'],"['Akira Kurosawa', 'Shinobu Hashimoto', 'Hideo Oguni']","['Toshirô Mifune', 'Takashi Shimura', 'Keiko Tsushima']",8.6,376000.0,Uma aldeia pobre sob a ameaça de bandidos recruta sete samurais para ajudá-los a se defenderem.,"['Ação', 'Drama']",0,0
O Silêncio dos Inocentes,The Silence of the Lambs,1991,118,['Jonathan Demme'],"['Thomas Harris', 'Ted Tally']","['Jodie Foster', 'Anthony Hopkins', 'Scott Glenn']",8.6,1600000.0,"Uma jovem deve receber a ajuda de um assassino canibal manipulador e preso para ajudar a capturar outro assassino em série, um louco que ataca suas vítimas.","['Policial', 'Drama', 'Suspense']",19000000,272742922
O Resgate do Soldado Ryan,Saving Private Ryan,1998,169,['Steven Spielberg'],['Robert Rodat'],"['Tom Hanks', 'Matt Damon', 'Tom Sizemore']",8.6,1500000.0,"Depois de chegar a Normandía, um grupo de soldados precisa encontrar o único irmão vivo de três que morreram na guerra.","['Drama', 'Guerra']",70000000,482351251
Cidade de Deus,Cidade de Deus,2002,130,"['Fernando Meirelles', 'Kátia Lund']","['Bráulio Mantovani', 'Paulo Lins']","['Alexandre Rodrigues', 'Leandro Firmino', 'Matheus Nachtergaele']",8.6,820000.0,"Os caminhos de duas crianças divergem nas favelas do Rio, enquanto um se esforça para se tornar um fotógrafo e o outro um chefe do tráfico.","['Policial', 'Drama']",3300000,30680793
À Espera de um Milagre,The Green Mile,1999,189,['Frank Darabont'],"['Stephen King', 'Frank Darabont']","['Tom Hanks', 'Michael Clarke Duncan', 'David Morse']",8.6,1400000.0,"As vidas dos guardas de corredor da morte são afetadas por um dos detidos: um homem afro-americano acusado pelo assassinato e estupro de uma criança, mas com um presente misterioso.","['Policial', 'Drama', 'Fantasia', 'Mistério']",60000000,286801374
A Vida é Bela,La vita è bella,1997,116,['Roberto Benigni'],"['Vincenzo Cerami', 'Roberto Benigni']","['Roberto Benigni', 'Nicoletta Braschi', 'Giorgio Cantarini']",8.6,761000.0,"Quando um bibliotecário judeu e seu filho se tornarem vítimas do Holocausto, ele usará uma mistura perfeita de vontade, humor e imaginação para proteger seu filho dos perigos do campo de concentração.","['Comédia', 'Drama', 'Romance', 'Guerra']",20000000,230099013
O Exterminador do Futuro 2: O Julgamento Final,Terminator 2: Judgment Day,1991,137,['James Cameron'],"['James Cameron', 'William Wisher']","['Arnold Schwarzenegger', 'Linda Hamilton', 'Edward Furlong']",8.6,1200000.0,"Um ciborgue, idêntico ao que falhou em matar Sarah Connor, agora deve proteger o filho de dez anos dela, John, de um ciborgue ainda mais avançado e poderoso.","['Ação', 'Aventura', 'Ficção científica']",102000000,517778573
Star Wars: Episódio IV - Uma Nova Esperança,Star Wars,1977,121,['George Lucas'],['George Lucas'],"['Mark Hamill', 'Harrison Ford', 'Carrie Fisher']",8.6,1500000.0,"Luke Skywalker une forças com um cavaleiro Jedi, um piloto arrogante, um Wookiee e dois andróides para salvar a galáxia da estação de batalha destruidora do Império, enquanto tenta resgatar a Princesa Leia do misterioso Darth Vader.","['Ação', 'Aventura', 'Fantasia', 'Ficção científica']",11000000,775398507
De Volta para o Futuro,Back to the Future,1985,116,['Robert Zemeckis'],"['Robert Zemeckis', 'Bob Gale']","['Michael J. Fox', 'Christopher Lloyd', 'Lea Thompson']",8.5,1300000.0,"Marty McFly viaja para 1955 com a máquina do tempo do cientista Dr. Brown. Ele deve garantir que seus pais se apaixonem, para não arriscar sua própria existência.","['Aventura', 'Comédia', 'Ficção científica']",19000000,384577472
A Viagem de Chihiro,Sen to Chihiro no kamikakushi,2001,124,['Hayao Miyazaki'],['Hayao Miyazaki'],"['Daveigh Chase', 'Suzanne Pleshette', 'Miyu Irino']",8.6,881000.0,"Uma garota é obrigada a mudar de cidade com seus pais contra a sua vontade. Durante a viagem, eles decidem pegar um atalho e se perdem, chegando a um estranho edifício, onde adentrarão um misterioso mundo de monstros e espíritos.","['Animação', 'Aventura', 'Família', 'Fantasia', 'Mistério']",19000000,358110581
O Pianista,The Pianist,2002,150,['Roman Polanski'],"['Ronald Harwood', 'Wladyslaw Szpilman']","['Adrien Brody', 'Thomas Kretschmann', 'Frank Finlay']",8.5,941000.0,Um musico judeu luta para sobreviver a destruição de Varsóvia durante a segunda guerra mundial.,"['Biografia', 'Drama', 'Musical', 'Guerra']",35000000,120098945
Parasita,Gisaengchung,2019,132,['Bong Joon Ho'],"['Bong Joon Ho', 'Han Jin-won']","['Song Kang-ho', 'Lee Sun-kyun', 'Cho Yeo-jeong']",8.5,1000000.0,"Desempregados, a família de Ki-taek (Song Kang-ho) nutre um interesse peculiar pela família Park até que eles se veem presos em um inesperado incidente.","['Drama', 'Suspense']",11400000,262129969
Gladiador,Gladiator,2000,155,['Ridley Scott'],"['David Franzoni', 'John Logan', 'William Nicholson']","['Russell Crowe', 'Joaquin Phoenix', 'Connie Nielsen']",8.5,1700000.0,Um general romano planeja a melhor vingança contra o imperador corrupto que matou sua familia e o fez escravo.,"['Ação', 'Aventura', 'Drama']",103000000,465516248
Psicose,Psycho,1960,109,['Alfred Hitchcock'],"['Joseph Stefano', 'Robert Bloch']","['Anthony Perkins', 'Janet Leigh', 'Vera Miles']",8.5,737000.0,"Uma secretária de Phoenix desvia dinheiro de um cliente de sua empresa, foge e vai a um motel remoto gerido por um jovem sob o domínio da mãe.","['Terror', 'Mistério', 'Suspense']",806947,32066765
O Rei Leão,The Lion King,1994,88,"['Roger Allers', 'Rob Minkoff']","['Irene Mecchi', 'Jonathan Roberts', 'Linda Woolverton']","['Matthew Broderick', 'Jeremy Irons', 'James Earl Jones']",8.5,1200000.0,Um pequeno lion é obrigado por seu tío a fugir de casa e anos depois se da conta da sua identidade e suas responsabilidades.,"['Animação', 'Aventura', 'Drama', 'Família', 'Fantasia', 'Musical']",45000000,981708285
Os Infiltrados,The Departed,2006,151,['Martin Scorsese'],"['William Monahan', 'Alan Mak', 'Felix Chong']","['Leonardo DiCaprio', 'Matt Damon', 'Jack Nicholson']",8.5,1500000.0,Um policial disfarçado e um espião estão tentando se identificar enquanto se infiltram em uma gangue irlandesa no sul de Boston.,"['Policial', 'Drama', 'Suspense']",90000000,291481358
Homem-Aranha: Através do Aranhaverso,Spider-Man: Across the Spider-Verse,2023,140,"['Joaquim Dos Santos', 'Kemp Powers', 'Justin K. Thompson']","['Phil Lord', 'Christopher Miller', 'Dave Callaham']","['Shameik Moore', 'Hailee Steinfeld', 'Brian Tyree Henry']",8.6,419000.0,"Viajando pelo multiverso, Miles Morales conhece um novo time de Pessoas-Aranha, formado por heróis de diversas dimensões. Mas quando os heróis entram em conflito sobre como lidar com uma nova ameaça, Miles se vê em um impasse.","['Animação', 'Ação', 'Aventura', 'Família', 'Fantasia', 'Ficção científica']",150000000,690824738
Túmulo dos Vagalumes,Hotaru no haka,1988,88,['Isao Takahata'],"['Akiyuki Nosaka', 'Isao Takahata']","['Tsutomu Tatsumi', 'Ayano Shiraishi', 'Akemi Yamaguchi']",8.5,330000.0,Um menino e sua irmã tentam sobreviver no Japão durante a Segunda Guerra Mundial.,"['Animação', 'Drama', 'Guerra']",3700000,801143
Whiplash: Em Busca da Perfeição,Whiplash,2014,106,['Damien Chazelle'],['Damien Chazelle'],"['Miles Teller', 'J.K. Simmons', 'Melissa Benoist']",8.5,1000000.0,Um jovem e promissor baterista se matricula em um conservatório de música onde seus sonhos são guiados por um instrutor que não pára por nada para perceber o potencial de um aluno.,"['Drama', 'Musical']",3300000,50360880
A Outra História Americana,American History X,1998,119,['Tony Kaye'],['David McKenna'],"['Edward Norton', 'Edward Furlong', ""Beverly D'Angelo""]",8.5,1200000.0,Um neonazista tenta evitar que seu irmão mais novo tome o mesmo caminho errado que ele.,"['Policial', 'Drama']",20000000,23875714
O Profissional,Léon,1994,110,['Luc Besson'],['Luc Besson'],"['Jean Reno', 'Gary Oldman', 'Natalie Portman']",8.5,1300000.0,"Mathilda, uma menina de 12 anos é levada por Léon, um assassino profissional, depois que sua família é assassinada. Léon e Mathilda formam uma relação incomum, desde que ela se torna sua protegida.","['Ação', 'Policial', 'Drama', 'Suspense']",16000000,20278356
O Grande Truque,The Prestige,2006,130,['Christopher Nolan'],"['Jonathan Nolan', 'Christopher Nolan', 'Christopher Priest']","['Christian Bale', 'Hugh Jackman', 'Scarlett Johansson']",8.5,1500000.0,"Depois de um trágico acidente, dois magos do palco se engajam em uma batalha para criar a ilusão final enquanto sacrificam tudo o que têm para enganar um ao outro.","['Drama', 'Mistério', 'Ficção científica', 'Suspense']",40000000,109676311
Harakiri,Seppuku,1962,133,['Masaki Kobayashi'],"['Yasuhiko Takiguchi', 'Shinobu Hashimoto']","['Tatsuya Nakadai', 'Akira Ishihama', 'Shima Iwashita']",8.6,74000.0,"Um velho samurai ronin chega à casa de um senhor feudal e pede um lugar honroso para cometer suicídio. Mas quando o ronin pede um samurai mais jovem que chegou antes, os eventos seguem um curso inesperado.","['Ação', 'Drama', 'Mistério']",0,0
Casablanca,Casablanca,1942,102,['Michael Curtiz'],"['Julius J. Epstein', 'Howard Koch', 'Murray Burnett']","['Humphrey Bogart', 'Ingrid Bergman', 'Paul Henreid']",8.5,619000.0,O proprietário cético de uma boate protege um antigo amor e seu marido dos nazistas no Marrocos.,"['Drama', 'Romance', 'Guerra']",950000,4720495
Os Suspeitos,The Usual Suspects,1995,106,['Bryan Singer'],['Christopher McQuarrie'],"['Kevin Spacey', 'Gabriel Byrne', 'Chazz Palminteri']",8.5,1200000.0,"O único sobrevivente conta os torcidos eventos duma luta com pistolas num bote, quanfo cinco criminais eram levados pela polícia.","['Policial', 'Drama', 'Mistério', 'Suspense']",6000000,23341568
Intocáveis,Intouchables,2011,112,"['Olivier Nakache', 'Éric Toledano']","['Olivier Nakache', 'Éric Toledano', 'Philippe Pozzo di Borgo']","['François Cluzet', 'Omar Sy', 'Anne Le Ny']",8.5,954000.0,"Depois de ficar tetraplégico num acidente, um aristocrata contrata um jovem de um bairro pobre para cuidar dele.","['Comédia', 'Drama']",0,0
Cinema Paradiso,Nuovo Cinema Paradiso,1988,174,['Giuseppe Tornatore'],"['Giuseppe Tornatore', 'Vanna Paoli']","['Philippe Noiret', 'Enzo Cannavale', 'Antonella Attili']",8.5,292000.0,"Um diretor de cinema lembra como, em sua infância, ele se apaixonou pelo cinema de sua cidade e iniciou uma profunda amizade com o projecionista.","['Drama', 'Romance']",5000000,13020497
Duna: Parte 2,Dune: Part Two,2024,166,['Denis Villeneuve'],"['Denis Villeneuve', 'Jon Spaihts', 'Frank Herbert']","['Timothée Chalamet', 'Zendaya', 'Rebecca Ferguson']",8.5,550000.0,"Diante da difícil escolha entre o amor de sua vida e o destino do universo conhecido, Paul Atreides, agora ao lado de Chani e dos Fremen, dará tudo de si para evitar o futuro terrível que só ele pode prever.","['Ação', 'Aventura', 'Drama', 'Ficção científica']",190000000,714444358
Tempos Modernos,Modern Times,1936,87,['Charles Chaplin'],['Charles Chaplin'],"['Charles Chaplin', 'Paulette Goddard', 'Henry Bergman']",8.5,266000.0,Um vagabundo luta para viver na sociedade industrial moderna com a ajuda de uma jovem.,"['Comédia', 'Drama', 'Romance']",1500000,463618
Alien - O 8º Passageiro,Alien,1979,117,['Ridley Scott'],"[""Dan O'Bannon"", 'Ronald Shusett']","['Sigourney Weaver', 'Tom Skerritt', 'John Hurt']",8.5,992000.0,"Depois de investigar uma transmissão misteriosa de origem desconhecida, a tripulação de uma nave espacial comercial encontra uma forma de vida mortal.","['Terror', 'Ficção científica']",11000000,108610218
Janela Indiscreta,Rear Window,1954,112,['Alfred Hitchcock'],"['John Michael Hayes', 'Cornell Woolrich']","['James Stewart', 'Grace Kelly', 'Wendell Corey']",8.5,535000.0,Um fotógrafo em uma cadeira de rodas espiona seus vizinhos pela janela de seu apartamento e está convencido de que um deles cometeu um assassinato.,"['Mistério', 'Suspense']",1000000,37043820
Era uma Vez no Oeste,C'era una volta il West,1968,166,['Sergio Leone'],"['Sergio Donati', 'Sergio Leone', 'Dario Argento']","['Henry Fonda', 'Charles Bronson', 'Claudia Cardinale']",8.5,357000.0,Um misterioso estranhoe se junta com um bandido para proteger a uma viúva.,"['Drama', 'Faroeste']",5000000,5435312
Django Livre,Django Unchained,2012,165,['Quentin Tarantino'],['Quentin Tarantino'],"['Jamie Foxx', 'Christoph Waltz', 'Leonardo DiCaprio']",8.5,1700000.0,"Com a ajuda de um caçador de recompensas alemão, um escravo libertado sai para resgatar sua esposa de um brutal dono de uma plantação no Mississipi.","['Comédia', 'Drama', 'Faroeste']",100000000,426076293
Luzes da Cidade,City Lights,1931,87,['Charles Chaplin'],"['Charles Chaplin', 'Harry Carr', 'Harry Crocker']","['Charles Chaplin', 'Virginia Cherrill', 'Florence Lee']",8.5,201000.0,"Com a ajuda de um homem rico, bêbado e imprevisível, um vagabundo ingênuo que se apaixonou por uma florista cega tenta conseguir dinheiro para fornecer ajuda médica.","['Comédia', 'Drama', 'Romance']",1500000,55154
Apocalypse Now,Apocalypse Now,1979,147,['Francis Ford Coppola'],"['John Milius', 'Francis Ford Coppola', 'Michael Herr']","['Martin Sheen', 'Marlon Brando', 'Robert Duvall']",8.4,727000.0,Um oficial do exército dos Estados Unidos no Vietnã é encarregado de assassinar a um coronel que acredita ser um deus.,"['Drama', 'Mistério', 'Guerra']",31500000,105090566
Amnésia,Memento,2000,113,['Christopher Nolan'],"['Christopher Nolan', 'Jonathan Nolan']","['Guy Pearce', 'Carrie-Anne Moss', 'Joe Pantoliano']",8.4,1400000.0,Um homem com perda da memória de curto prazo tenta investigar o homicídio da sua esposa.,"['Mistério', 'Suspense']",9000000,40047236
WALL·E,WALL·E,2008,98,['Andrew Stanton'],"['Andrew Stanton', 'Pete Docter', 'Jim Reardon']","['Ben Burtt', 'Elissa Knight', 'Jeff Garlin']",8.4,1200000.0,"Num futuro distante, um pequeno robô faz uma viagem que decidirá o destino da humanidade.","['Animação', 'Aventura', 'Família', 'Ficção científica']",180000000,527403656
Os Caçadores da Arca Perdida,Raiders of the Lost Ark,1981,115,['Steven Spielberg'],"['Lawrence Kasdan', 'George Lucas', 'Philip Kaufman']","['Harrison Ford', 'Karen Allen', 'Paul Freeman']",8.4,1100000.0,"Em 1936 o archeologista e aventurero Indiana Jones é contratado pelo governo dos Estados Unidos para procurar pelo Pacto da Arca, antes que os nazis o tenham primeiro.","['Ação', 'Aventura']",18000000,389925971
A Vida dos Outros,Das Leben der Anderen,2006,137,['Florian Henckel von Donnersmarck'],['Florian Henckel von Donnersmarck'],"['Ulrich Mühe', 'Martina Gedeck', 'Sebastian Koch']",8.4,419000.0,"Em 1984, em Berlim Oriental, um agente da polícia secreta que cuida de um escritor e sua mulher se vê cada vez mais absorvido em suas vidas.","['Drama', 'Mistério', 'Suspense']",2000000,77672685
Repetente,12th Fail,0,0,['Vidhu Vinod Chopra'],"['Vidhu Vinod Chopra', 'Jaskunwar Kohli', 'Anurag Pathak']","['Vikrant Massey', 'Medha Shankr', 'Anant Joshi']",8.8,135000.0,A história da vida real do oficial do IPS Manoj Kumar Sharma e do oficial do IRS Shraddha Joshi.,"['Biografia', 'Drama']",0,0
Crepúsculo dos Deuses,Sunset Blvd.,1950,110,['Billy Wilder'],"['Charles Brackett', 'Billy Wilder', 'D.M. Marshman Jr.']","['William Holden', 'Gloria Swanson', 'Erich von Stroheim']",8.4,243000.0,Um roteirista estabelece uma relação com uma fracasada estrela de cinema que quer voltar aos filmes.,"['Drama', 'Filme noir']",1752000,308663
Vingadores: Guerra Infinita,Avengers: Infinity War,2018,149,"['Anthony Russo', 'Joe Russo']","['Christopher Markus', 'Stephen McFeely', 'Stan Lee']","['Robert Downey Jr.', 'Chris Hemsworth', 'Mark Ruffalo']",8.4,1200000.0,Os Vingadores e seus aliados deverão sacrificar tudo em uma tentativa de derrotar o poderoso Thanos antes que sua explosão de devastação ponha fim ao universo.,"['Ação', 'Aventura', 'Ficção científica']",321000000,2052415039
Homem-Aranha: No Aranhaverso,Spider-Man: Into the Spider-Verse,2018,117,"['Bob Persichetti', 'Peter Ramsey', 'Rodney Rothman']","['Phil Lord', 'Rodney Rothman']","['Shameik Moore', 'Jake Johnson', 'Hailee Steinfeld']",8.4,703000.0,O adolescente Miles Morales se torna o Homem-Aranha de seu universo e deve se juntar a cinco indivíduos com poderes de aranha de outras dimensões para impedir uma ameaça para todas as realidades.,"['Animação', 'Ação', 'Aventura', 'Comédia', 'Família', 'Fantasia', 'Ficção científica']",90000000,393602435
Glória Feita de Sangue,Paths of Glory,1957,88,['Stanley Kubrick'],"['Stanley Kubrick', 'Calder Willingham', 'Jim Thompson']","['Kirk Douglas', 'Ralph Meeker', 'Adolphe Menjou']",8.4,220000.0,"Depois de se recusar a atacar uma posição inimiga, um general acusa os soldados da covardia e seu comandante deve defendê-los.","['Drama', 'Guerra']",935000,8290
Testemunha de Acusação,Witness for the Prosecution,1957,116,['Billy Wilder'],"['Agatha Christie', 'Billy Wilder', 'Harry Kurnitz']","['Tyrone Power', 'Marlene Dietrich', 'Charles Laughton']",8.4,143000.0,Um veterano advogado britânico deve defender seu cliente em um julgamento de assassinato que tem surpresa após surpresa.,"['Policial', 'Drama', 'Mistério', 'Suspense']",3000000,7903
O Iluminado,The Shining,1980,146,['Stanley Kubrick'],"['Stephen King', 'Stanley Kubrick', 'Diane Johnson']","['Jack Nicholson', 'Shelley Duvall', 'Danny Lloyd']",8.4,1100000.0,"Uma família se dirige a um hotel isolado para o inverno, onde uma presença sinistra influencia a violência do pai, enquanto seu filho psíquico vê presságios horríveis do passado e do futuro.","['Drama', 'Terror']",19000000,47959450
O Grande Ditador,The Great Dictator,1940,125,['Charles Chaplin'],['Charles Chaplin'],"['Charles Chaplin', 'Paulette Goddard', 'Jack Oakie']",8.4,243000.0,O ditador Adenoid Hynkel tenta expandir seu império enquanto um pobre barbeiro judeu tenta evitar a perseguição por seu regime.,"['Comédia', 'Drama', 'Guerra']",2000000,972212
Aliens: O Resgate,Aliens,1986,137,['James Cameron'],"['James Cameron', 'David Giler', 'Walter Hill']","['Sigourney Weaver', 'Michael Biehn', 'Carrie Henn']",8.4,793000.0,Ellen Ripley é salvada depois de estar dormida por 57 anos. A luna que o Nostromo visitou foi colonizada mas o contado se perdeu.,"['Ação', 'Aventura', 'Ficção científica', 'Suspense']",18500000,131060248
Bastardos Inglórios,Inglourious Basterds,2009,153,['Quentin Tarantino'],['Quentin Tarantino'],"['Brad Pitt', 'Diane Kruger', 'Eli Roth']",8.4,1600000.0,"Na França ocupada pelos nazistas durante a Segunda Guerra Mundial, um plano para assassinar líderes nazistas por parte de um grupo de soldados judeus dos EUA coincide com os planos de vingança da dona de uma sala de cinema.","['Aventura', 'Drama', 'Guerra']",70000000,321460456
Batman: O Cavaleiro das Trevas Ressurge,The Dark Knight Rises,2012,164,['Christopher Nolan'],"['Jonathan Nolan', 'Christopher Nolan', 'David S. Goyer']","['Christian Bale', 'Tom Hardy', 'Anne Hathaway']",8.4,1900000.0,"Passaram-se oito anos desde a morte de Harvey Dent e o Batman, ao assumir a culpa pela morte do promotor, desapareceu. Agora, ele terá de lidar com a chegada da Mulher Gato e de Bane em Gotham City.","['Ação', 'Drama', 'Suspense']",250000000,1114975066
Viva: A Vida é uma Festa,Coco,2017,105,"['Lee Unkrich', 'Adrian Molina']","['Lee Unkrich', 'Jason Katz', 'Matthew Aldrich']","['Anthony Gonzalez', 'Gael García Bernal', 'Benjamin Bratt']",8.4,623000.0,"O aspirante a músico Miguel, confrontado com a proibição ancestral da música pela sua família, entra na Terra dos Mortos para encontrar o seu tataravô, um cantor lendário.","['Animação', 'Aventura', 'Drama', 'Família', 'Fantasia', 'Musical', 'Mistério']",175000000,814641172
Amadeus,Amadeus,1984,160,['Milos Forman'],"['Peter Shaffer', 'Zdenek Mahler']","['F. Murray Abraham', 'Tom Hulce', 'Elizabeth Berridge']",8.4,439000.0,"A vida, sucessos e tribulações de Wolfgang Amadeus Mozart de acordo com Antonio Salieri, um compositor que era contemporâneo, que sempre teve ciúmes dele e que alegou tê-lo matado.","['Biografia', 'Drama', 'Musical']",18000000,52075942
Toy Story,Toy Story,1995,81,['John Lasseter'],"['John Lasseter', 'Pete Docter', 'Andrew Stanton']","['Tom Hanks', 'Tim Allen', 'Don Rickles']",8.3,1100000.0,Um brinquedo do cauboi se sente profundamente ameaçado e celoso quando um brinquedo patrulheiro espacial passa a ter mais atençao do garoto.,"['Animação', 'Aventura', 'Comédia', 'Família', 'Fantasia']",30000000,394436586
Dr. Fantástico,Dr. Strangelove or: How I Learned to Stop Worrying and Love the Bomb,1964,95,['Stanley Kubrick'],"['Stanley Kubrick', 'Terry Southern', 'Peter George']","['Peter Sellers', 'George C. Scott', 'Sterling Hayden']",8.3,529000.0,Um general alienado provoca um potencial holocausto nuclear que uma sala de guerra cheia de políticos e generais tenta freneticamente parar.,"['Comédia', 'Guerra']",1800000,9631984
Oldboy,Oldeuboi,0,0,['Park Chan-wook'],"['Garon Tsuchiya', 'Nobuaki Minegishi', 'Park Chan-wook']","['Choi Min-sik', 'Yoo Ji-tae', 'Kang Hye-jeong']",8.3,658000.0,"Depois de ter sido raptado e preso por quinze anos, Oh Dae-Su é libertado, e descobre que tem 5 dias para encontrar seu sequestrador.","['Ação', 'Drama', 'Mistério', 'Suspense']",3000000,17592355
Beleza Americana,American Beauty,1999,122,['Sam Mendes'],['Alan Ball'],"['Kevin Spacey', 'Annette Bening', 'Thora Birch']",8.3,1200000.0,Um pai sexualmente frustrado tem uma crise existencial depois de conhecer a melhor amiga da sua filha.,['Drama'],15000000,356296601
Vingadores: Ultimato,Avengers: Endgame,2019,181,"['Anthony Russo', 'Joe Russo']","['Christopher Markus', 'Stephen McFeely', 'Stan Lee']","['Robert Downey Jr.', 'Chris Evans', 'Mark Ruffalo']",8.4,1300000.0,"Após os eventos devastadores de Vingadores: Guerra Infinita , o universo está em ruínas, e com a ajuda de aliados os Vingadores se reúnem para desfazer as ações de Thanos e restaurar a ordem.","['Ação', 'Aventura', 'Drama', 'Ficção científica']",356000000,2799439100
Gênio Indomável,Good Will Hunting,1997,126,['Gus Van Sant'],"['Matt Damon', 'Ben Affleck']","['Robin Williams', 'Matt Damon', 'Ben Affleck']",8.3,1100000.0,"Will Hunting, um zelador de uma universidade, tem habilidades para a matemática, mas precisa da ajuda de um psicólogo para encontrar seu propósito.","['Drama', 'Romance']",10000000,225933435
O Barco: Inferno no Mar,Das Boot,1981,149,['Wolfgang Petersen'],"['Wolfgang Petersen', 'Lothar G. Buchheim']","['Jürgen Prochnow', 'Herbert Grönemeyer', 'Klaus Wennemann']",8.4,270000.0,"O mundo claustrofóbico de um submarino da Segunda Guerra Mundial, cheio de tédio, sujeira e terror.","['Drama', 'Guerra']",0,0
Coração Valente,Braveheart,1995,178,['Mel Gibson'],['Randall Wallace'],"['Mel Gibson', 'Sophie Marceau', 'Patrick McGoohan']",8.3,1100000.0,"Quando sua noiva en segredo é assassinada, William Wallace comença uma revolta contra o rey Eduardo I da Inglaterra.","['Biografia', 'Drama', 'Guerra']",72000000,213216216
Princesa Mononoke,Mononoke-hime,1997,133,['Hayao Miyazaki'],['Hayao Miyazaki'],"['Yôji Matsuda', 'Yuriko Ishida', 'Yûko Tanaka']",8.3,447000.0,Um príncipe sofre com uma maldição mortal e parte em busca da cura. Ele acaba indo parar no meio da batalha entre uma cidade mineradora e os animais da floresta.,"['Animação', 'Ação', 'Aventura', 'Fantasia']",0,0
Seu Nome,Kimi no na wa.,2016,106,['Makoto Shinkai'],['Makoto Shinkai'],"['Ryunosuke Kamiki', 'Mone Kamishiraishi', 'Ryo Narita']",8.4,340000.0,"Dois estranhos estão ligados de uma maneira bizarra, mais quando uma conexão é formada, a distância será a única coisa que os manterá separados?","['Animação', 'Drama', 'Fantasia', 'Romance']",0,0
Céu e Inferno,Tengoku to jigoku,1963,143,['Akira Kurosawa'],"['Hideo Oguni', 'Ryûzô Kikushima', 'Eijirô Hisaita']","['Toshirô Mifune', 'Yutaka Sada', 'Tatsuya Nakadai']",8.4,57000.0,Um executivo de uma empresa de calçados torna-se vítima de extorsão quando o filho de seu motorista é sequestrado e retido para resgate.,"['Policial', 'Drama', 'Mistério', 'Suspense']",0,0
Coringa,Joker,2019,122,['Todd Phillips'],"['Todd Phillips', 'Scott Silver', 'Bob Kane']","['Joaquin Phoenix', 'Robert De Niro', 'Zazie Beetz']",8.4,1600000.0,Um comediante falido enlouquece e se torna um assassino psicopata.,"['Policial', 'Drama', 'Suspense']",55000000,1078958629
3 Idiotas,3 Idiots,2009,170,['Rajkumar Hirani'],"['Abhijat Joshi', 'Rajkumar Hirani', 'Vidhu Vinod Chopra']","['Aamir Khan', 'Madhavan', 'Mona Singh']",8.4,447000.0,"Dois amigos procuram seu companheiro perdido. Eles se lembram de seus dias de faculdade e como seu amigo os inspirou a pensar de maneira diferente, mesmo quando o resto do mundo os chamava idiotas.","['Comédia', 'Drama']",0,0
Era uma Vez na América,Once Upon a Time in America,1984,229,['Sergio Leone'],"['Harry Grey', 'Leonardo Benvenuti', 'Piero De Bernardi']","['Robert De Niro', 'James Woods', 'Elizabeth McGovern']",8.3,386000.0,"Dois amigos leais crescem juntos cometendo pequenos crimes nas ruas do Lower East Side, em Manhattan, mas essa parceria com o tempo se desfaz em morte e mistério.","['Policial', 'Drama']",30000000,5475540
Cantando na Chuva,Singin' in the Rain,1952,103,"['Stanley Donen', 'Gene Kelly']","['Betty Comden', 'Adolph Green']","['Gene Kelly', ""Donald O'Connor"", 'Debbie Reynolds']",8.3,267000.0,Uma produtora de cinema e elenco fazem uma transição difíci.,"['Comédia', 'Musical', 'Romance']",2540800,2093275
Cafarnaum,Capharnaüm,2018,126,['Nadine Labaki'],"['Nadine Labaki', 'Jihad Hojeily', 'Michelle Keserwany']","['Zain Al Rafeea', 'Yordanos Shiferaw', 'Boluwatife Treasure Bankole']",8.4,111000.0,"Ao cumprir uma sentença de cinco anos por um crime violento, uma criança de 12 anos processou seus pais por negligência.",['Drama'],4000000,64417003
Vá e Veja,Idi i smotri,1985,142,['Elem Klimov'],"['Ales Adamovich', 'Elem Klimov']","['Aleksey Kravchenko', 'Olga Mironova', 'Liubomiras Laucevicius']",8.3,104000.0,"Depois de encontrar uma arma, um jovem se une as forças da resistença russa contra os alemães na segunda guerra mundial.","['Drama', 'Suspense', 'Guerra']",0,0
Réquiem para um Sonho,Requiem for a Dream,2000,102,['Darren Aronofsky'],"['Hubert Selby Jr.', 'Darren Aronofsky']","['Ellen Burstyn', 'Jared Leto', 'Jennifer Connelly']",8.3,921000.0,As utopias causadas pelo uso de drogas em quatro pessoas de Coney Island se rompem quando seus vícios as dominam.,['Drama'],4500000,7390108
Toy Story 3,Toy Story 3,2010,103,['Lee Unkrich'],"['John Lasseter', 'Andrew Stanton', 'Lee Unkrich']","['Tom Hanks', 'Tim Allen', 'Joan Cusack']",8.3,913000.0,"Os brinquedos são dados por erro a uma creche, Woody junto com os outros brinquedos tentaram voltar a casa do Andy.","['Animação', 'Aventura', 'Comédia', 'Família', 'Fantasia']",200000000,1067316101
Star Wars: Episódio VI - O Retorno de Jedi,Star Wars: Episode VI - Return of the Jedi,1983,131,['Richard Marquand'],"['Lawrence Kasdan', 'George Lucas']","['Mark Hamill', 'Harrison Ford', 'Carrie Fisher']",8.3,1100000.0,"Depois de resgatar Han Solo de Jabba, o Hutt, a Aliança Rebelde tenta destruir a segunda Estrela da Morte, enquanto Luke luta para ajudar Darth Vader a voltar do lado negro.","['Ação', 'Aventura', 'Fantasia', 'Ficção científica']",32500000,482466382
A Caça,Jagten,2012,115,['Thomas Vinterberg'],"['Thomas Vinterberg', 'Tobias Lindholm']","['Mads Mikkelsen', 'Thomas Bo Larsen', 'Annika Wedderkopp']",8.3,376000.0,"Um professor vive uma vida solitária enquanto luta pela custódia de seu filho. Sua vida melhora lentamente quando ele encontra o amor e recebe boas notícias de seu filho, mas sua sorte está prestes a mudar por uma pequena mentira inocente.",['Drama'],0,0
Brilho Eterno de uma Mente sem Lembranças,Eternal Sunshine of the Spotless Mind,2004,108,['Michel Gondry'],"['Charlie Kaufman', 'Michel Gondry', 'Pierre Bismuth']","['Jim Carrey', 'Kate Winslet', 'Tom Wilkinson']",8.3,1100000.0,"Quando sua relaçao se volta complicada, um casal tenta um procedimento médico para que suas memorias sejam apagadas.","['Drama', 'Romance', 'Ficção científica']",20000000,73395181
Viver,Ikiru,1952,143,['Akira Kurosawa'],"['Akira Kurosawa', 'Shinobu Hashimoto', 'Hideo Oguni']","['Takashi Shimura', 'Nobuo Kaneko', ""Shin'ichi Himori""]",8.3,92000.0,"Depois de descobrir que tem câncer terminal, um burocrata tenta encontrar um sentido para sua vida.",['Drama'],0,0
2001: Uma Odisséia no Espaço,2001: A Space Odyssey,1968,149,['Stanley Kubrick'],"['Stanley Kubrick', 'Arthur C. Clarke']","['Keir Dullea', 'Gary Lockwood', 'William Sylvester']",8.3,737000.0,"Trás descobrir um misterioso artefato na superfície da Lua, a humanidade tenta encontrar seus origens com a ajuda da inteligença do ordernador HAL 9000.","['Aventura', 'Ficção científica']",12000000,66764997
Cães de Aluguel,Reservoir Dogs,1992,99,['Quentin Tarantino'],"['Quentin Tarantino', 'Roger Avary']","['Harvey Keitel', 'Tim Roth', 'Michael Madsen']",8.3,1100000.0,"Quando um simples roubo de jóias dá errado, os criminosos sobreviventes começam a suspeitar que um deles é um informante da polícia.","['Policial', 'Suspense']",1200000,2931191
Lawrence da Arábia,Lawrence of Arabia,1962,227,['David Lean'],"['Robert Bolt', 'Michael Wilson']","[""Peter O'Toole"", 'Alec Guinness', 'Anthony Quinn']",8.3,322000.0,"A história de T. E. Lawrence, o oficial inglês que conseguiu unir e liderar várias tribos árabes, durante a Primeira Guerra Mundial para lutar contra os turcos.","['Aventura', 'Biografia', 'Drama', 'Guerra']",15000000,45763719
Se Meu Apartamento Falasse,The Apartment,1960,125,['Billy Wilder'],"['Billy Wilder', 'I.A.L. Diamond']","['Jack Lemmon', 'Shirley MacLaine', 'Fred MacMurray']",8.3,202000.0,"Um homem tenta subir na empresa permitindo que seus executivos usem seu apartamento para encontros, mas surgem complicações e um romance próprio.","['Comédia', 'Drama', 'Romance']",3000000,18778738
Incêndios,Incendies,2010,131,['Denis Villeneuve'],"['Wajdi Mouawad', 'Denis Villeneuve', 'Valérie Beaugrand-Champagne']","['Lubna Azabal', 'Mélissa Désormeaux-Poulin', 'Maxim Gaudette']",8.3,214000.0,Os gêmeos viajam para o Oriente Médio para descobrir sua história familiar e cumprir os últimos desejos de sua mãe.,"['Drama', 'Mistério', 'Guerra']",6800000,6797861
Scarface,Scarface,1983,170,['Brian De Palma'],"['Oliver Stone', 'Howard Hawks', 'Ben Hecht']","['Al Pacino', 'Michelle Pfeiffer', 'Steven Bauer']",8.3,942000.0,"Em Miami em 1980, um imigrante cubano toma o controle de um cartel de drogas.","['Policial', 'Drama']",50000000,66443303
Intriga Internacional,North by Northwest,1959,136,['Alfred Hitchcock'],"['Ernest Lehman', 'Gerald Devriès']","['Cary Grant', 'Eva Marie Saint', 'James Mason']",8.3,354000.0,Um executivo de publicidade de Nova Iorque tem que fugir quando é confundido por um agente de governo.,"['Ação', 'Aventura', 'Mistério', 'Suspense']",3101000,192323
Pacto de Sangue,Double Indemnity,1944,107,['Billy Wilder'],"['Billy Wilder', 'Raymond Chandler', 'James M. Cain']","['Fred MacMurray', 'Barbara Stanwyck', 'Edward G. Robinson']",8.3,171000.0,"Um agente de seguros se deixa convencer de um esquema de assassinato e fraude, o que desperta a suspeita de um investigador.","['Policial', 'Drama', 'Filme noir', 'Mistério', 'Suspense']",927262,19543
Cidadão Kane,Citizen Kane,1941,119,['Orson Welles'],"['Herman J. Mankiewicz', 'Orson Welles', 'John Houseman']","['Orson Welles', 'Joseph Cotten', 'Dorothy Comingore']",8.3,474000.0,"Após a morte de um magnata na indústria editorial, jornalistas correm para descobrir o significado da última palavra que ele pronunciou.","['Drama', 'Mistério']",839727,1707754
"M, o Vampiro de Dusseldorf",M - Eine Stadt sucht einen Mörder,1931,117,['Fritz Lang'],"['Thea von Harbou', 'Fritz Lang', 'Egon Jacobsohn']","['Peter Lorre', 'Ellen Widmann', 'Inge Landgut']",8.3,173000.0,"Quando a polícia de uma cidade alemã não consegue encontrar um assassino de crianças, outros criminosos decidem ajudar na caçada humana.","['Policial', 'Mistério', 'Suspense']",0,0
Fogo contra Fogo,Heat,1995,170,['Michael Mann'],['Michael Mann'],"['Al Pacino', 'Robert De Niro', 'Val Kilmer']",8.3,738000.0,Um grupo de profissionais roubando bancos sospeitam que a polícia está tráis deles quando deixam uma pista no seu último roubo.,"['Ação', 'Policial', 'Drama']",60000000,187436818
Um Corpo que Cai,Vertigo,1958,128,['Alfred Hitchcock'],"['Alec Coppel', 'Samuel A. Taylor', 'Pierre Boileau']","['James Stewart', 'Kim Novak', 'Barbara Bel Geddes']",8.3,437000.0,Um ex-policial luta contra seus demônios enquanto está obcecado por uma mulher bonita.,"['Mistério', 'Romance', 'Suspense']",2479000,7808900
Nascido para Matar,Full Metal Jacket,1987,116,['Stanley Kubrick'],"['Stanley Kubrick', 'Michael Herr', 'Gustav Hasford']","['Matthew Modine', 'R. Lee Ermey', ""Vincent D'Onofrio""]",8.2,808000.0,Um marinho dos Estados Unidos nota os deshumanizantes efeitos da guerra do Vietnã em seus colegas.,"['Drama', 'Guerra']",30000000,50193748
Oppenheimer,Oppenheimer,0,0,['Christopher Nolan'],"['Christopher Nolan', 'Kai Bird', 'Martin Sherwin']","['Cillian Murphy', 'Emily Blunt', 'Matt Damon']",8.3,819000.0,A história do cientista americano J. Robert Oppenheimer e seu papel no desenvolvimento da bomba atômica.,"['Biografia', 'Drama', 'História']",100000000,975594978
Up - Altas Aventuras,Up,2009,96,"['Pete Docter', 'Bob Peterson']","['Pete Docter', 'Bob Peterson', 'Tom McCarthy']","['Edward Asner', 'Jordan Nagai', 'John Ratzenberger']",8.3,1200000.0,"Carl Fredricksen, de 78 anos, viaja para a América do Sul com sua casa, inadvertidamente levando um menino com ele.","['Animação', 'Aventura', 'Comédia', 'Drama', 'Família']",175000000,735102136
O Fabuloso Destino de Amélie Poulain,Le fabuleux destin d'Amélie Poulain,2001,122,['Jean-Pierre Jeunet'],"['Guillaume Laurant', 'Jean-Pierre Jeunet']","['Audrey Tautou', 'Mathieu Kassovitz', 'Rufus']",8.3,807000.0,"Amélie é uma parisiense ingênua com seu próprio senso de justiça. Ela decide ajudar as pessoas ao seu redor e, no caminho, descobre o amor.","['Comédia', 'Romance']",10000000,175183052
Laranja Mecânica,A Clockwork Orange,1971,136,['Stanley Kubrick'],"['Stanley Kubrick', 'Anthony Burgess']","['Malcolm McDowell', 'Patrick Magee', 'Michael Bates']",8.2,898000.0,"No futuro, um jovem líder de gang é levado para prisão e decide ser voluntário em um experimento, mas os resultados não são os esperados.","['Policial', 'Ficção científica']",2200000,27034174
O Sol é para Todos,To Kill a Mockingbird,1962,129,['Robert Mulligan'],"['Harper Lee', 'Horton Foote']","['Gregory Peck', 'John Megna', 'Frank Overton']",8.3,339000.0,"Atticus Finch, um advogado no sul da era da Depressão, defende um homem negro contra uma acusação de estupro imerecida, e seus filhos contra o preconceito.","['Policial', 'Drama']",2000000,599934
A Separação,Jodaeiye Nader az Simin,2011,123,['Asghar Farhadi'],['Asghar Farhadi'],"['Payman Maadi', 'Leila Hatami', 'Sareh Bayat']",8.3,264000.0,"Um casal é confrontado com uma decisão difícil, melhorar a vida de seu filho mudando-se para outro país ou ficar no Irã e cuidar de um pai que se deteriora e com Alzheimer.",['Drama'],500000,22926076
Golpe de Mestre,The Sting,1973,129,['George Roy Hill'],['David S. Ward'],"['Paul Newman', 'Robert Redford', 'Robert Shaw']",8.3,285000.0,Dois golpistas se reúnem para obter o melhor golpe.,"['Comédia', 'Policial', 'Drama']",5500000,156000000
Duro de Matar,Die Hard,1988,132,['John McTiernan'],"['Roderick Thorp', 'Jeb Stuart', 'Steven E. de Souza']","['Bruce Willis', 'Alan Rickman', 'Bonnie Bedelia']",8.2,965000.0,"John McClane, agente do departamento de polícia de Nova York, tenta salvar sua esposa, Holly Gennaro, e outras pessoas que o terrorista alemão Hans Gruber tomou como reféns durante a festa de Natal no Nakatomi Plaza, em Los Angeles.","['Ação', 'Suspense']",28000000,143651650
Indiana Jones e a Última Cruzada,Indiana Jones and the Last Crusade,1989,127,['Steven Spielberg'],"['Jeffrey Boam', 'George Lucas', 'Menno Meyjes']","['Harrison Ford', 'Sean Connery', 'Alison Doody']",8.2,825000.0,"Em 1938, depois que seu pai, o professor Henry Jones, desaparece enquanto persegue o Santo Graal, o professor Henry ""Indiana"" Jones, Jr. se encontra contra os nazistas de Adolf Hitler.","['Ação', 'Aventura']",48000000,474171806
Como Estrelas na Terra,Taare Zameen Par,2007,162,"['Aamir Khan', 'Amole Gupte']",['Amole Gupte'],"['Darsheel Safary', 'Aamir Khan', 'Tisca Chopra']",8.3,212000.0,"Um garoto de oito anos é acusado de ser problemático e preguiçoso, até que o novo professor de arte tem a paciência e compaixão para descobrir o verdadeiro problema por trás de suas lutas na escola.","['Drama', 'Família']",0,0
Metrópolis,Metropolis,1927,153,['Fritz Lang'],"['Thea von Harbou', 'Fritz Lang']","['Brigitte Helm', 'Alfred Abel', 'Gustav Fröhlich']",8.3,190000.0,"Numa cidade futurística dividida entre os trabalhadores e os planejadores, o filho do maior planejador se apaixona por uma trabalhadora.","['Drama', 'Ficção científica']",0,0
Snatch - Porcos e Diamantes,Snatch,2000,104,['Guy Ritchie'],['Guy Ritchie'],"['Jason Statham', 'Brad Pitt', 'Stephen Graham']",8.2,929000.0,"Um ladrão amante dos jogos reúne gângsteres desprezíveis, um grupo de nômades irlandeses e uma fazenda de porcos em meio a chantagens, fraudes, boxeadores, um cão faminto e um grande diamante.","['Comédia', 'Policial']",0,0
1917,1917,2019,119,['Sam Mendes'],"['Sam Mendes', 'Krysty Wilson-Cairns']","['Dean-Charles Chapman', 'George MacKay', 'Daniel Mays']",8.2,705000.0,Trama desconhecida. O filme será de 1917 durante a primeira guerra mundial.,"['Ação', 'Drama', 'História', 'Guerra']",95000000,446064352
Los Angeles: Cidade Proibida,L.A. Confidential,1997,138,['Curtis Hanson'],"['James Ellroy', 'Brian Helgeland', 'Curtis Hanson']","['Kevin Spacey', 'Russell Crowe', 'Guy Pearce']",8.2,631000.0,A corrupção cresce em Los Angeles nos anos 50. Três policiais estão investigando uma série de assassinatos com sua própria marca de justiça.,"['Policial', 'Drama', 'Mistério', 'Suspense']",35000000,126216940
Ladrões de Bicicletas,Ladri di biciclette,1948,89,['Vittorio De Sica'],"['Cesare Zavattini', 'Luigi Bartolini', 'Oreste Biancoli']","['Lamberto Maggiorani', 'Enzo Staiola', 'Lianella Carell']",8.3,180000.0,Na Itália da pós-guerra a bicicleta de um homem da classe trabalhadora é roubada. Ele e o filho partiram para encontrá-la.,['Drama'],133000,451336
A Queda! As Últimas Horas de Hitler,Der Untergang,2004,156,['Oliver Hirschbiegel'],"['Bernd Eichinger', 'Joachim Fest', 'Traudl Junge']","['Bruno Ganz', 'Alexandra Maria Lara', 'Ulrich Matthes']",8.2,382000.0,O último secretário de Hitler relata seus últimos dias em seu bunker de Berlim no final da Segunda Guerra Mundial.,"['Biografia', 'Drama', 'História', 'Guerra']",0,0
Taxi Driver: Motorista de Táxi,Taxi Driver,1976,114,['Martin Scorsese'],['Paul Schrader'],"['Robert De Niro', 'Jodie Foster', 'Cybill Shepherd']",8.2,952000.0,"Um veterano de guerra mentalmente instável trabalha à noite como taxista na cidade de Nova Iorque, onde a decadência e o desprezo alimentam seu desejo de ação violenta.","['Policial', 'Drama']",1300000,28580445
Hamilton,Hamilton,2020,160,['Thomas Kail'],"['Lin-Manuel Miranda', 'Ron Chernow']","['Lin-Manuel Miranda', 'Phillipa Soo', 'Leslie Odom Jr.']",8.3,121000.0,"A vida de um dos maiores fundadores e primeiro secretário do Tesouro da América, Alexander Hamilton.","['Biografia', 'Drama', 'História', 'Musical']",0,0
Dangal,Dangal,2016,161,['Nitesh Tiwari'],"['Piyush Gupta', 'Shreyas Jain', 'Nikhil Mehrotra']","['Aamir Khan', 'Sakshi Tanwar', 'Fatima Sana Shaikh']",8.3,218000.0,O lutador Mahavir e suas filhas lutadoras procuram a gloria contra a opressão social nos jogos do Commonwealth.,"['Ação', 'Biografia', 'Drama', 'Esportes']",0,0
O Lobo de Wall Street,The Wolf of Wall Street,0,0,['Martin Scorsese'],"['Terence Winter', 'Jordan Belfort']","['Leonardo DiCaprio', 'Jonah Hill', 'Margot Robbie']",8.2,1600000.0,"Baseada na verdadeira história de Jordan Belfort, desde sua ascensão como corretor de valores até a sua queda e envolvimento no crime e corrupção com o governo.","['Biografia', 'Comédia', 'Policial', 'Drama']",100000000,407039432
Batman Begins,Batman Begins,2005,140,['Christopher Nolan'],"['Bob Kane', 'David S. Goyer', 'Christopher Nolan']","['Christian Bale', 'Michael Caine', 'Ken Watanabe']",8.2,1600000.0,"Após o assassinato dos seus pais, o desiludido herdeiro Bruce Wayne viaja pelo mundo reunindo recursos para amedrontar aqueles que semeiam o medo. Wayne eventualmente retorna para Gotham City e libera seu alter-ego, o Batman.","['Ação', 'Policial', 'Drama']",150000000,375404836
Por uns Dólares a Mais,Per qualche dollaro in più,1965,132,['Sergio Leone'],"['Sergio Leone', 'Fulvio Morsella', 'Luciano Vincenzoni']","['Clint Eastwood', 'Lee Van Cleef', 'Gian Maria Volontè']",8.2,282000.0,Dois caçadores de recompensas com as mesmas intenções se reúnem para encontrar um criminoso ocidental.,"['Drama', 'Faroeste']",600000,15000000
Green Book: O Guia,Green Book,2018,130,['Peter Farrelly'],"['Nick Vallelonga', 'Brian Hayes Currie', 'Peter Farrelly']","['Viggo Mortensen', 'Mahershala Ali', 'Linda Cardellini']",8.2,606000.0,Um valentão ítalo-americano se torna o motorista de um pianista afro-americano em um tour no sul dos Estados Unidos nos anos sessenta.,"['Biografia', 'Comédia', 'Drama', 'Musical']",23000000,321752656
Quanto Mais Quente Melhor,Some Like It Hot,1959,121,['Billy Wilder'],"['Billy Wilder', 'I.A.L. Diamond', 'Robert Thoeren']","['Marilyn Monroe', 'Tony Curtis', 'Jack Lemmon']",8.2,289000.0,"Dos músicos son testigos de un crimen y se dan a la fuga disfrazados de mujeres en una banda femenina, pero las cosas se complican.","['Comédia', 'Musical', 'Romance']",2883848,208457
O Show de Truman: O Show da Vida,The Truman Show,1998,103,['Peter Weir'],['Andrew Niccol'],"['Jim Carrey', 'Ed Harris', 'Laura Linney']",8.2,1200000.0,Um vendedor de seguros descobre que sua vida é um programa de televisão.,"['Comédia', 'Drama']",60000000,264118712
Julgamento em Nuremberg,Judgment at Nuremberg,1961,179,['Stanley Kramer'],"['Abby Mann', 'Montgomery Clift', 'Charles Dorat']","['Spencer Tracy', 'Burt Lancaster', 'Richard Widmark']",8.3,88000.0,"Em 1948, um tribunal dos Estados Unidos na Alemanha ocupada julga quatro nazistas por crimes de guerra.","['Drama', 'Guerra']",3000000,12180
O Garoto,The Kid,1921,68,['Charles Chaplin'],['Charles Chaplin'],"['Charles Chaplin', 'Edna Purviance', 'Jackie Coogan']",8.2,138000.0,"Um mendigo cuida de uma criança abandonada, mas os eventos ameaçam esse relacionamento.","['Comédia', 'Drama', 'Família']",250000,41979
Meu Pai,The Father,2020,97,['Florian Zeller'],"['Christopher Hampton', 'Florian Zeller']","['Anthony Hopkins', 'Olivia Colman', 'Mark Gatiss']",8.2,204000.0,"Um homem recusa toda a ajuda de sua filha à medida que envelhece. Ao tentar entender as mudanças nas circunstâncias, ele começa a duvidar dos seus entes queridos, da sua própria mente e até mesmo da estrutura de sua realidade.","['Drama', 'Mistério']",6000000,24048935
Ilha do Medo,Shutter Island,2010,138,['Martin Scorsese'],"['Laeta Kalogridis', 'Dennis Lehane']","['Leonardo DiCaprio', 'Emily Mortimer', 'Mark Ruffalo']",8.2,1500000.0,"Em 1954, um policial federal dos Estados Unidos investiga o desaparecimento de um assassino que escapou de um hospital psiquiátrico.","['Drama', 'Mistério', 'Suspense']",80000000,294942927
A Malvada,All About Eve,1950,138,['Joseph L. Mankiewicz'],"['Joseph L. Mankiewicz', 'Mary Orr']","['Bette Davis', 'Anne Baxter', 'George Sanders']",8.2,142000.0,"Uma ingênua se insinua na vida de uma atriz de teatro, e de seu círculo de amigas de teatro.",['Drama'],1400000,154501
Sangue Negro,There Will Be Blood,2007,158,['Paul Thomas Anderson'],"['Paul Thomas Anderson', 'Upton Sinclair']","['Daniel Day-Lewis', 'Paul Dano', 'Ciarán Hinds']",8.2,656000.0,"Uma história sobre familia, religião, ódio e loucura, centrada na vida de um explorador de petróleo nos primeiros anos do negócio.",['Drama'],25000000,76186873
Jurassic Park: O Parque dos Dinossauros,Jurassic Park,1993,127,['Steven Spielberg'],"['Michael Crichton', 'David Koepp']","['Sam Neill', 'Laura Dern', 'Jeff Goldblum']",8.2,1100000.0,"Um milionário traz à vida dinossauros extintos há milhares de anos, criando um imenso parque. Mas os gigantes pré-históricos começam a ameaçar a vida dos visitantes.","['Ação', 'Aventura', 'Ficção científica', 'Suspense']",63000000,1104379926
Cassino,Casino,1995,178,['Martin Scorsese'],"['Nicholas Pileggi', 'Martin Scorsese']","['Robert De Niro', 'Sharon Stone', 'Joe Pesci']",8.2,578000.0,"Uma história de ganância, dinheiro e assassinato acontece entre dois melhores amigos: um mafioso e um executivo de cassino, que competem uns com os outros por um império de jogo e pelo amor de uma socialite.","['Policial', 'Drama']",52000000,116112375
Top Gun: Maverick,Top Gun: Maverick,2022,130,['Joseph Kosinski'],"['Jim Cash', 'Jack Epps Jr.', 'Peter Craig']","['Tom Cruise', 'Jennifer Connelly', 'Miles Teller']",8.2,742000.0,"Após mais de trinta anos de serviço como um dos melhores aviadores da Marinha, Pete Mitchell está onde pertence, ultrapassando os limites como um piloto de teste intrépido e evitando a promoção de posto que o manteria em terra.","['Ação', 'Drama']",170000000,1495696292
O Sexto Sentido,The Sixth Sense,1999,107,['M. Night Shyamalan'],['M. Night Shyamalan'],"['Bruce Willis', 'Haley Joel Osment', 'Toni Collette']",8.2,1100000.0,Um menino que consegue se comunicar com espíritos encontra ajuda de um psicólogo.,"['Drama', 'Mistério', 'Suspense']",40000000,672806432
Ran,Ran,1985,160,['Akira Kurosawa'],"['Akira Kurosawa', 'Hideo Oguni', 'Masato Ide']","['Tatsuya Nakadai', 'Akira Terao', 'Jinpachi Nezu']",8.2,140000.0,"No Japão medieval, um senhor feudal decide abdicar e entregar seus domínios aos seus três filhos. Mas ele não é capaz de ver que esses novos poderes irão corrompê-los e levá-los a enfrentar um ao outro, e contra ele.","['Ação', 'Drama', 'Guerra']",11500000,4172381
O Labirinto do Fauno,El laberinto del fauno,2006,118,['Guillermo del Toro'],['Guillermo del Toro'],"['Ivana Baquero', 'Ariadna Gil', 'Sergi López']",8.2,715000.0,"Na Espanha de 1944, a filha dum oficial do exército escapa a um mundo de fantasia.","['Drama', 'Fantasia', 'Guerra']",19000000,83863565
Onde os Fracos Não Têm Vez,No Country for Old Men,2007,122,"['Ethan Coen', 'Joel Coen']","['Joel Coen', 'Ethan Coen', 'Cormac McCarthy']","['Tommy Lee Jones', 'Javier Bardem', 'Josh Brolin']",8.2,1100000.0,Violência e caos surgem quando um caçador se depara com uma negociação de drogas que deu errado e mais de dois milhões de dólares perto do Rio Grande.,"['Policial', 'Drama', 'Suspense']",25000000,171632777
Os Imperdoáveis,Unforgiven,1992,130,['Clint Eastwood'],['David Webb Peoples'],"['Clint Eastwood', 'Gene Hackman', 'Morgan Freeman']",8.2,445000.0,"O atirador do Velho Oeste, William Munny, relutantemente aceita um último trabalho com a ajuda de seu antigo amigo e um jovem.","['Drama', 'Faroeste']",14400000,159167799
O Enigma de Outro Mundo,The Thing,1982,109,['John Carpenter'],"['Bill Lancaster', 'John W. Campbell Jr.']","['Kurt Russell', 'Wilford Brimley', 'Keith David']",8.2,484000.0,Uma equipe de pesquisa na Antártica é caçada por um alienígena que muda de forma e assume a aparência de suas vítimas.,"['Terror', 'Mistério', 'Ficção científica']",15000000,20630135
Uma Mente Brilhante,A Beautiful Mind,2001,135,['Ron Howard'],"['Akiva Goldsman', 'Sylvia Nasar']","['Russell Crowe', 'Ed Harris', 'Jennifer Connelly']",8.2,1000000.0,A vida do brilhante mas insociável matemático John Nash muda quando ele aceita um trabalho secreto em criptografia.,"['Biografia', 'Drama', 'Mistério']",58000000,316791257
Kill Bill: Volume 1,Kill Bill: Vol. 1,2003,111,['Quentin Tarantino'],"['Quentin Tarantino', 'Uma Thurman']","['Uma Thurman', 'David Carradine', 'Daryl Hannah']",8.2,1200000.0,"Depois de despertar de um coma de quatro anos, uma antiga assassina busca vingança contra o grupo de assassinos que a traiu.","['Ação', 'Policial', 'Suspense']",30000000,180908413
O Tesouro da Sierra Madre,The Treasure of the Sierra Madre,1948,126,['John Huston'],"['John Huston', 'B. Traven', 'Charles Dorat']","['Humphrey Bogart', 'Walter Huston', 'Tim Holt']",8.2,135000.0,Dois americanos em busca de trabalho no México convencem um homem a ajudá-los a extrair ouro nas montanhas da Serra Madre.,"['Aventura', 'Drama', 'Faroeste']",3000000,5014000
"Yojimbo, o Guarda-Costas",Yôjinbô,1961,110,['Akira Kurosawa'],"['Akira Kurosawa', 'Ryûzô Kikushima']","['Toshirô Mifune', 'Eijirô Tôno', 'Tatsuya Nakadai']",8.2,135000.0,Um astuto ronin chega a uma cidade dividida por duas quadrilhas criminosas e decide se confrontar para libertar a cidade.,"['Ação', 'Drama', 'Suspense']",0,0
Robô Selvagem,The Wild Robot,2024,102,['Chris Sanders'],"['Chris Sanders', 'Peter Brown']","[""Lupita Nyong'o"", 'Pedro Pascal', 'Kit Connor']",8.3,87000.0,"Após um naufrágio, um robô inteligente chamado Roz fica preso em uma ilha desabitada. Para sobreviver ao ambiente hostil, Roz se une aos animais da ilha e cuida de um ganso bebê órfão.","['Animação', 'Ficção científica']",78000000,318387315
Os Suspeitos,Prisoners,2013,153,['Denis Villeneuve'],['Aaron Guzikowski'],"['Hugh Jackman', 'Jake Gyllenhaal', 'Viola Davis']",8.2,842000.0,"Quando a filha de Keller Dover e sua amiguinha desaparecem, ele decide investigar o caso por sua conta enquanto a polícia segue múltiplas pistas e a pressão para resolver o caso aumenta.","['Policial', 'Drama', 'Mistério', 'Suspense']",46000000,122127446
Procurando Nemo,Finding Nemo,2003,100,"['Andrew Stanton', 'Lee Unkrich']","['Andrew Stanton', 'Bob Peterson', 'David Reynolds']","['Albert Brooks', 'Ellen DeGeneres', 'Alexander Gould']",8.2,1100000.0,"Quando seu filho é capturado, um peixe-palhaço tímido embarca em uma viagem para trazê-lo para casa.","['Animação', 'Aventura', 'Comédia', 'Família']",94000000,941637960
Fugindo do Inferno,The Great Escape,1963,172,['John Sturges'],"['Paul Brickhill', 'James Clavell', 'W.R. Burnett']","['Steve McQueen', 'James Garner', 'Richard Attenborough']",8.2,264000.0,Prisioneiros de guerra aliados planejam uma fuga maciça de um campo alemão durante a Segunda Guerra Mundial.,"['Aventura', 'Drama', 'Suspense', 'Guerra']",4000000,230637
Monty Python em Busca do Cálice Sagrado,Monty Python and the Holy Grail,1975,91,"['Terry Gilliam', 'Terry Jones']","['Graham Chapman', 'John Cleese', 'Eric Idle']","['Graham Chapman', 'John Cleese', 'Eric Idle']",8.2,580000.0,"O Rei Arthur e seus Cavaleiros da Távola Redonda embarcam em uma busca surrealista e de baixo orçamento pelo Santo Graal, encontrando múltiplos obstáculos estúpidos.","['Aventura', 'Comédia', 'Fantasia']",0,0
O Castelo Animado,Hauru no ugoku shiro,2004,119,['Hayao Miyazaki'],"['Hayao Miyazaki', 'Diana Wynne Jones']","['Chieko Baishô', 'Takuya Kimura', 'Tatsuya Gashûin']",8.2,468000.0,Uma jovem sem autoconfiança é amaldiçoada com um corpo envelhecido por uma bruxa odiosa. Sua única chance de quebrar o feitiço é um jovem feiticeiro em um castelo itinerante.,"['Animação', 'Aventura', 'Família', 'Fantasia']",24000000,240695383
Kimetsu no Yaiba: Tsuzumi Yashiki-hen,Kimetsu no Yaiba: Tsuzumi Yashiki-hen,0,0,['Haruo Sotozaki'],['Koyoharu Gotouge'],[],8.8,26000.0,"Tanjiro aventura-se a sul-sudeste, onde encontra um jovem cobarde chamado Zenitsu Agatsuma. Ele é um companheiro sobrevivente da Seleção Final e o seu pardal pede a Tanjiro que o ajude a manter-se na linha.","['Animação', 'Ação', 'Fantasia', 'Adicionar aviso de conteúdo']",0,0
O Homem Elefante,The Elephant Man,1980,124,['David Lynch'],"['Christopher De Vore', 'Eric Bergren', 'David Lynch']","['Anthony Hopkins', 'John Hurt', 'Anne Bancroft']",8.2,264000.0,"Um cirurgião vitoriano resgata um homem gravemente desfigurado que é maltratado enquanto tenta sobreviver como uma atração de circo. Por trás de sua aparência monstruosa, revela-se uma pessoa de bondade, inteligência e sofisticação.","['Biografia', 'Drama']",5000000,26028672
Rashomon,Rashômon,1950,88,['Akira Kurosawa'],"['Ryûnosuke Akutagawa', 'Akira Kurosawa', 'Shinobu Hashimoto']","['Toshirô Mifune', 'Machiko Kyô', 'Masayuki Mori']",8.2,185000.0,"A violação de uma noiva e o assassinato de seu marido samurai são lembrados desde a perspectiva de um bandido, da noiva, do fantasma do samurai e de um lenhador.","['Policial', 'Drama', 'Mistério']",250000,133998
Disque M para Matar,Dial M for Murder,1954,105,['Alfred Hitchcock'],"['Frederick Knott', 'Charles Dorat']","['Ray Milland', 'Grace Kelly', 'Robert Cummings']",8.2,194000.0,"Um ex-tenista decide matar a esposa para herdar o dinheiro dela e se vingar de um caso que ela havia tido. A fim de se livrar de culpas, usa um antigo colega de faculdade. Mas as coisas não vão correr como estava planeado.","['Policial', 'Suspense']",1400000,45313
...E o Vento Levou,Gone with the Wind,1939,238,"['Victor Fleming', 'George Cukor', 'Sam Wood']","['Margaret Mitchell', 'Sidney Howard', 'Oliver H.P. Garrett']","['Clark Gable', 'Vivien Leigh', 'Thomas Mitchell']",8.2,340000.0,Uma jovem sulista e manipuladora e um aventureiro oportunista se enfrentam em um romance turbulento enquanto a sociedade ao seu redor desmorona com o fim da escravidão e é reconstruída durante os períodos da Guerra Civil e da Reconstrução.,"['Drama', 'Romance', 'Guerra']",3977000,402382193
Chinatown,Chinatown,1974,130,['Roman Polanski'],"['Robert Towne', 'Roman Polanski']","['Jack Nicholson', 'Faye Dunaway', 'John Huston']",8.1,358000.0,"Um detetive particular contratado para desmascarar um adúltero é pego em uma teia de fraude, corrupção e assassinato.","['Drama', 'Mistério', 'Suspense']",6000000,29231954
O Segredo dos Seus Olhos,El secreto de sus ojos,2009,129,['Juan José Campanella'],"['Eduardo Sacheri', 'Juan José Campanella']","['Ricardo Darín', 'Soledad Villamil', 'Pablo Rago']",8.2,228000.0,"Um assessor jurídico aposentado escreve um romance com a esperança de fechar um de seus antigos casos de homicídio, que permanece sem solução, e superar o amor não correspondido que sentia por seu chefe. Décadas depois, ambas as memórias continuam a persegui-lo.","['Drama', 'Mistério', 'Romance', 'Suspense']",2000000,35079650
"Jogos, Trapaças e Dois Canos Fumegantes","Lock, Stock and Two Smoking Barrels",1998,107,['Guy Ritchie'],['Guy Ritchie'],"['Jason Flemyng', 'Dexter Fletcher', 'Nick Moran']",8.1,626000.0,"Um jogo de cartas em Londres desencadeia um confronto entre quatro amigos, plantadores de maconha, agiotas e cobradores de dívidas em uma série de eventos curiosos, tudo por algo de maria, dinheiro e duas pistolas antigas.","['Ação', 'Comédia', 'Policial']",0,0
Divertida Mente,Inside Out,2015,95,"['Pete Docter', 'Ronnie Del Carmen']","['Pete Docter', 'Ronnie Del Carmen', 'Meg LeFauve']","['Amy Poehler', 'Bill Hader', 'Lewis Black']",8.1,841000.0,"Depois que a jovem Riley é arrancada de sua vida no Centro-Oeste e se muda para São Francisco, suas emoções - Alegria, Medo, Raiva, Nojinho e Tristeza - entram em conflito sobre a melhor forma de navegar em uma nova cidade, casa e escola.","['Animação', 'Aventura', 'Comédia', 'Drama', 'Família', 'Fantasia']",175000000,859076254
V de Vingança,V for Vendetta,2005,132,['James McTeigue'],"['Lilly Wachowski', 'Lana Wachowski', 'David Lloyd']","['Hugo Weaving', 'Natalie Portman', 'Rupert Graves']",8.1,1200000.0,"Em um futuro da tirania britânica, um lutador clandestino conhecido como V trama um plano para derrubá-la com a ajuda de uma jovem mulher.","['Ação', 'Drama', 'Ficção científica', 'Suspense']",54000000,134686457
Três Anúncios para um Crime,"Three Billboards Outside Ebbing, Missouri",2017,115,['Martin McDonagh'],['Martin McDonagh'],"['Frances McDormand', 'Woody Harrelson', 'Sam Rockwell']",8.1,569000.0,Uma mãe desafia pessoalmente as autoridades locais para resolver o assassinato de sua filha.,"['Comédia', 'Policial', 'Drama']",15000000,162729321
Touro Indomável,Raging Bull,1980,129,['Martin Scorsese'],"['Jake LaMotta', 'Joseph Carter', 'Peter Savage']","['Robert De Niro', 'Cathy Moriarty', 'Joe Pesci']",8.1,388000.0,"A vida do boxeador Jake LaMotta, cuja violência e temperamento que o levaram até o topo dos ringues destruíram a sua vida fora deles.","['Biografia', 'Drama', 'Esportes']",18000000,23405198
Klaus,Klaus,2019,96,"['Sergio Pablos', 'Carlos Martínez López']","['Sergio Pablos', 'Jim Mahoney', 'Zach Lewis']","['Jason Schwartzman', 'J.K. Simmons', 'Rashida Jones']",8.2,198000.0,"Um simples ato de bondade sempre provoca outro, mesmo em um lugar gelado e distante. Quando o novo carteiro de Smeerensburg faz amizade com o fabricante de brinquedos Klaus, seus presentes derreteram uma antiga inimizade.","['Animação', 'Aventura', 'Comédia', 'Família', 'Fantasia']",0,0
A Ponte do Rio Kwai,The Bridge on the River Kwai,1957,161,['David Lean'],"['Pierre Boulle', 'Carl Foreman', 'Michael Wilson']","['William Holden', 'Alec Guinness', 'Jack Hawkins']",8.1,238000.0,"Depois de resolver suas diferenças com um japonês, o comandante do campo, um coronel britânico, coopera para supervisionar a construção de uma ponte ferroviária.","['Aventura', 'Drama', 'Guerra']",3000000,27200530
Trainspotting: Sem Limites,Trainspotting,1996,93,['Danny Boyle'],"['Irvine Welsh', 'John Hodge']","['Ewan McGregor', 'Ewen Bremner', 'Jonny Lee Miller']",8.1,739000.0,"Renton, profundamente imerso no mundo das drogas em Edimburgo, tenta sair do ambiente apesar da má influência dos amigos.",['Drama'],0,0
Prenda-Me se for Capaz,Catch Me If You Can,2002,141,['Steven Spielberg'],"['Frank Abagnale Jr.', 'Stan Redding', 'Jeff Nathanson']","['Leonardo DiCaprio', 'Tom Hanks', 'Christopher Walken']",8.1,1100000.0,"Um agente do FBI persegue Frank Abagnale, que antes de seus 19 anos consegue ganhar milhões de dólares fingindo ser um piloto, um médico e um advogado.","['Biografia', 'Policial', 'Drama']",52000000,352114312
Fargo: Uma Comédia de Erros,Fargo,1996,98,"['Joel Coen', 'Ethan Coen']","['Ethan Coen', 'Joel Coen']","['William H. Macy', 'Frances McDormand', 'Steve Buscemi']",8.1,741000.0,O crime de Jerry Lundegaard se desfaz devido à falta de sorte dele e de seus colegas e ao persistente trabalho polícia.,"['Policial', 'Drama', 'Suspense']",7000000,60611975
Guerreiro,Warrior,2011,140,"[""Gavin O'Connor""]","[""Gavin O'Connor"", 'Anthony Tambakis', 'Cliff Dorfman']","['Tom Hardy', 'Nick Nolte', 'Joel Edgerton']",8.1,507000.0,"O filho pequeno de um exboxer alcoólatra volta para casa, onde seu pai o treina para um torneio de artes marciais mistas.","['Ação', 'Drama', 'Esportes']",25000000,23308615
Homem-Aranha: Sem Volta para Casa,Spider-Man: No Way Home,2021,148,['Jon Watts'],"['Chris McKenna', 'Erik Sommers', 'Stan Lee']","['Tom Holland', 'Zendaya', 'Benedict Cumberbatch']",8.2,917000.0,"Com a identidade de Homem-Aranha revelada, Peter Parker pede ajuda ao Doutor Estranho. Quando um feitiço dá errado, inimigos de outros mundos começam a aparecer, forçando Peter a descobrir o que realmente significa ser o Homem-Aranha.","['Ação', 'Aventura', 'Fantasia', 'Ficção científica']",200000000,1952723719
Gran Torino,Gran Torino,2008,116,['Clint Eastwood'],"['Nick Schenk', 'Dave Johannson']","['Clint Eastwood', 'Bee Vang', 'Christopher Carley']",8.1,828000.0,"Walt Kowalski, um ranzinza veterano da guerra da Coreia, tenta dar uma lição em seu vizinho quando este tentar roubar seu bem mais precioso: um Gran Torino de 1972.",['Drama'],33000000,269958228
Harry Potter e as Relíquias da Morte - Parte 2,Harry Potter and the Deathly Hallows - Part 2,2011,130,['David Yates'],"['Steve Kloves', 'J.K. Rowling']","['Daniel Radcliffe', 'Emma Watson', 'Rupert Grint']",8.1,973000.0,"Conforme a batalha entre as forças do bem e do mal no mundo bruxo toma proporções de uma guerra mundial, Harry Potter se aproxima cada vez mais do confronto final com Voldemort.","['Aventura', 'Família', 'Fantasia', 'Mistério']",125000000,1342499744
Menina de Ouro,Million Dollar Baby,2004,132,['Clint Eastwood'],"['Paul Haggis', 'F.X. Toole']","['Hilary Swank', 'Clint Eastwood', 'Morgan Freeman']",8.1,734000.0,Uma mulher determinada se prepara para se tornar numa pugilista profissional.,"['Drama', 'Esportes']",30000000,216763646
Meu Amigo Totoro,Tonari no Totoro,1988,86,['Hayao Miyazaki'],['Hayao Miyazaki'],"['Hitoshi Takagi', 'Noriko Hidaka', 'Chika Sakamoto']",8.1,395000.0,"Quando duas meninas se mudam para o campo para ficar perto de sua mãe doente, elas têm aventuras com os maravilhosos espíritos da floresta que moram nas proximidades.","['Animação', 'Comédia', 'Família', 'Fantasia']",3700000,30320800
Mad Max: Estrada da Fúria,Mad Max: Fury Road,0,0,['George Miller'],"['George Miller', 'Brendan McCarthy', 'Nick Lathouris']","['Tom Hardy', 'Charlize Theron', 'Nicholas Hoult']",8.1,1100000.0,"Em um mundo pós-apocalíptico, uma mulher se rebela contra um governante tirânico em busca de sua terra natal com a ajuda de um grupo de prisioneiras, um adorador psicótico e um nômade chamado Max.","['Ação', 'Aventura', 'Ficção científica', 'Suspense']",150000000,380437267
Ben-Hur,Ben-Hur,1959,212,['William Wyler'],"['Lew Wallace', 'Karl Tunberg', 'Gore Vidal']","['Charlton Heston', 'Jack Hawkins', 'Stephen Boyd']",8.1,258000.0,"Quando um príncipe de Jerusalém é traído e enviado à escravidão por um amigo romano, ele recupera sua liberdade e retorna para se vingar.","['Aventura', 'Drama']",15000000,74439321
Filhos do Paraíso,Bacheha-ye aseman,1997,89,['Majid Majidi'],['Majid Majidi'],"['Mohammad Amir Naji', 'Amir Farrokh Hashemian', 'Bahare Seddiqi']",8.2,83000.0,"Depois que uma criança perde o par de sapatos de sua irmã, ele embarca em uma série de aventuras para encontrá-los. Quando não consegue, ele tenta uma nova maneira de procurá-los.","['Drama', 'Família', 'Esportes']",180000,933933
Barry Lyndon,Barry Lyndon,1975,185,['Stanley Kubrick'],"['Stanley Kubrick', 'William Makepeace Thackeray']","[""Ryan O'Neal"", 'Marisa Berenson', 'Patrick Magee']",8.1,188000.0,Um irlandês conquista o coração de uma viúva rica e assume a posição aristocrática de seu falecido marido na Inglaterra do século XVIII.,"['Aventura', 'Drama', 'Guerra']",11000000,279084
12 Anos de Escravidão,12 Years a Slave,2013,134,['Steve McQueen'],"['John Ridley', 'Solomon Northup']","['Chiwetel Ejiofor', 'Michael Kenneth Williams', 'Michael Fassbender']",8.1,754000.0,"Solomon Northup, um homem preto livre de Nova Iorque, é raptado e vendido como escravo.","['Biografia', 'Drama', 'História']",20000000,187734091
Blade Runner - O Caçador de Androides,Blade Runner,1982,117,['Ridley Scott'],"['Hampton Fancher', 'David Webb Peoples', 'Philip K. Dick']","['Harrison Ford', 'Rutger Hauer', 'Sean Young']",8.1,840000.0,"Um corredor deberá perseguir é acabar com quatro replicantes que roubaram uma nave no espaço, e deberá regresar á Terra e encontrar seu criador.","['Ação', 'Drama', 'Ficção científica', 'Suspense']",28000000,41758452
Antes do Amanhecer,Before Sunrise,1995,101,['Richard Linklater'],"['Richard Linklater', 'Kim Krizan']","['Ethan Hawke', 'Julie Delpy', 'Andrea Eckert']",8.1,350000.0,Um jovem e uma mulher se conhecem num trem em Europa é passam uma noite juntos em Viena.,"['Drama', 'Romance']",2500000,6568101
O Grande Hotel Budapeste,The Grand Budapest Hotel,2014,99,['Wes Anderson'],"['Stefan Zweig', 'Wes Anderson', 'Hugo Guinness']","['Ralph Fiennes', 'F. Murray Abraham', 'Mathieu Amalric']",8.1,908000.0,"As aventuras de Gustave H, um lendário porteiro dum famoso hotel da ficcional República de Zubrowka entre a primeira y a segunda guerra mundial.","['Aventura', 'Comédia', 'Policial']",25000000,174567384
Até o Último Homem,Hacksaw Ridge,2016,139,['Mel Gibson'],"['Robert Schenkkan', 'Andrew Knight']","['Andrew Garfield', 'Sam Worthington', 'Luke Bracey']",8.1,618000.0,"O médico amaericano da Segunda Guerra Mundial, Desmond T. Doss, se recusa a matar pessoas e se torna o primeiro homem na história dos Estados Unidos a receber a Medalha de Honra sem atirar um tiro.","['Biografia', 'Drama', 'História', 'Guerra']",40000000,180563636
Sociedade dos Poetas Mortos,Dead Poets Society,1989,128,['Peter Weir'],['Tom Schulman'],"['Robin Williams', 'Robert Sean Leonard', 'Ethan Hawke']",8.1,570000.0,O professor de Inglés John Keating inspira a seus estudantes a ver a poesia duma perspectiva diferente.,"['Comédia', 'Drama']",16400000,235860116
Garota Exemplar,Gone Girl,2014,149,['David Fincher'],['Gillian Flynn'],"['Ben Affleck', 'Rosamund Pike', 'Neil Patrick Harris']",8.1,1100000.0,"Desde que o desaparecimento de sua esposa se tornou o foco de um intenso circo da mídia, um homem vê como esta se concentra nele quando suspeitam que pode não ser inocente.","['Drama', 'Mistério', 'Suspense']",61000000,370890259
Memórias de um Assassino,Salinui chueok,2003,131,['Bong Joon Ho'],"['Bong Joon Ho', 'Kwang-rim Kim', 'Sung-bo Shim']","['Song Kang-ho', 'Kim Sang-kyung', 'Kim Roe-ha']",8.1,228000.0,"Em uma pequena província coreana em 1986, três detetives estão procurando o culpado de uma série de estupros e assassinatos de mulheres jovens.","['Policial', 'Drama', 'Mistério', 'Suspense']",2800000,1210156
O Mistério da Lixeira,Maharaja,0,0,['Nithilan Saminathan'],['Nithilan Saminathan'],"['Vijay Sethupathi', 'Anurag Kashyap', 'Mamta Mohandas']",8.5,54000.0,"Um barbeiro busca vingança depois que sua casa é assaltada, dizendo enigmaticamente à polícia que sua ""lakshmi"" foi levada, deixando-os incertos se é uma pessoa ou um objeto. Sua busca para recuperar a elusiva ""lakshmi"" se desenrola.","['Ação', 'Policial', 'Drama', 'Suspense']",0,0
Em Nome do Pai,In the Name of the Father,1993,133,['Jim Sheridan'],"['Gerry Conlon', 'Terry George', 'Jim Sheridan']","['Daniel Day-Lewis', 'Pete Postlethwaite', 'Alison Crosbie']",8.1,192000.0,"Em 1974, uma explosão a bomba acontece em Guilford, próximo de Londres. Gerry Conlon e amigos são acusados pelo crime e presos. Giuseppe Conlon, pai de Gerry, pede ajuda à advogada Gareth Peirce, que investiga as irregularidades do caso.","['Biografia', 'Policial', 'Drama']",13000000,65796862
Em Busca do Ouro,The Gold Rush,1925,95,['Charles Chaplin'],['Charles Chaplin'],"['Charles Chaplin', 'Mack Swain', 'Tom Murray']",8.1,121000.0,Um garimpeiro vai ao Klondike em busca de ouro e encontra muito mais que isso.,"['Aventura', 'Comédia', 'Drama', 'Romance', 'Faroeste']",923000,31490
Monstros S.A.,"Monsters, Inc.",2001,92,"['Pete Docter', 'David Silverman', 'Lee Unkrich']","['Pete Docter', 'Jill Culton', 'Jeff Pidgeon']","['Billy Crystal', 'John Goodman', 'Mary Gibbs']",8.1,1000000.0,"Para poder dar electricidade a sua cidade, os monstros tem que assustar a crianças. Pensando que as crianças são perigosas para eles, dois monstros acham que as coisas podem ser diferentes.","['Animação', 'Aventura', 'Comédia', 'Família', 'Fantasia']",115000000,579770299
Relatos Selvagens,Relatos salvajes,2014,122,['Damián Szifron'],"['Julian Loyola', 'Damián Szifron', 'Germán Servidio']","['Darío Grandinetti', 'María Marull', 'Mónica Villa']",8.1,223000.0,Sies historias curtas que exploram o comportamento humano de pessoas desesperadas.,"['Comédia', 'Drama', 'Suspense']",3300000,31478893
Ratatouille,Ratatouille,2007,111,"['Brad Bird', 'Jan Pinkava']","['Brad Bird', 'Jan Pinkava', 'Jim Capobianco']","['Brad Garrett', 'Lou Romano', 'Patton Oswalt']",8.1,858000.0,Um rato que pode cozinhar forja uma aliança incomum com um jovem garoto em um famoso restaurante em Paris.,"['Animação', 'Aventura', 'Comédia', 'Família', 'Fantasia']",150000000,623729107
Como Treinar o Seu Dragão,How to Train Your Dragon,2010,98,"['Dean DeBlois', 'Chris Sanders']","['William Davies', 'Dean DeBlois', 'Chris Sanders']","['Jay Baruchel', 'Gerard Butler', 'Christopher Mintz-Plasse']",8.1,822000.0,"Um jovem e desafortunado viking que aspira a caçar dragões se torna o improvável amigo de um jovem dragão, e descobre que pode haver mais nas criaturas do que ele supunha.","['Animação', 'Ação', 'Aventura', 'Família', 'Fantasia']",165000000,494879860
O Franco Atirador,The Deer Hunter,1978,183,['Michael Cimino'],"['Michael Cimino', 'Deric Washburn', 'Louis Garfinkle']","['Robert De Niro', 'Christopher Walken', 'John Cazale']",8.1,369000.0,Um retrato detalhado das maneiras pelas quais a Guerra do Vietnã interrompeu a vida dos habitantes de uma pequena cidade industrial na Pensilvânia.,"['Drama', 'Guerra']",15000000,49080126
Tubarão,Jaws,1975,124,['Steven Spielberg'],"['Peter Benchley', 'Carl Gottlieb']","['Roy Scheider', 'Robert Shaw', 'Richard Dreyfuss']",8.1,680000.0,"Quando um tubarão desencadea caos numa praia, um xerife, um biologista e um marinheiro daram caça ao animal.","['Aventura', 'Drama', 'Suspense']",7000000,477220580
Bancando o Águia,Sherlock Jr.,1924,45,['Buster Keaton'],"['Jean C. Havez', 'Joseph A. Mitchell', 'Clyde Bruckman']","['Buster Keaton', 'Kathryn McGuire', 'Joe Keaton']",8.2,59000.0,Um projecionista de cinema deseja ser um detetive e coloca suas magras habilidades em prática quando um rival o incrimina por roubar o relógio de bolso do pai de sua namorada.,"['Ação', 'Comédia', 'Romance']",0,0
A General,The General,1926,78,"['Clyde Bruckman', 'Buster Keaton']","['Buster Keaton', 'Clyde Bruckman', 'Al Boasberg']","['Buster Keaton', 'Marion Mack', 'Glen Cavender']",8.1,100000.0,"Uns espiões roubam a amada locomotiva de um engenheiro, ele a persegue sozinho através das linhas inimigas.","['Ação', 'Aventura', 'Comédia', 'Drama', 'Guerra']",750000,612
Mary e Max - Uma Amizade Diferente,Mary and Max.,2009,92,['Adam Elliot'],['Adam Elliot'],"['Toni Collette', 'Philip Seymour Hoffman', 'Eric Bana']",8.1,191000.0,"Relata a estranha história de uma amizade entre dois amigos por correspondência: Mary, uma garota solitária de oito anos que vive nos subúrbios de Melbourne, e Max, um homem obeso de quarenta e quatro anos que vive em Nova York.","['Animação', 'Comédia', 'Drama']",8240000,1740791
Sindicato de Ladrões,On the Waterfront,1954,108,['Elia Kazan'],"['Budd Schulberg', 'Malcolm Johnson', 'Robert Siodmak']","['Marlon Brando', 'Karl Malden', 'Lee J. Cobb']",8.1,169000.0,"Um ex-pugilista de Nova Jersey, agora um operário portuário, luta para enfrentar seus chefes sindicais corruptos, incluindo seu irmão mais velho, enquanto começa a se conectar com a irmã de uma das vítimas do sindicato.","['Policial', 'Drama', 'Suspense']",910000,3768
O Salário do Medo,Le salaire de la peur,1953,156,['Henri-Georges Clouzot'],"['Georges Arnaud', 'Henri-Georges Clouzot', 'Jérôme Géronimi']","['Yves Montand', 'Charles Vanel', 'Peter van Eyck']",8.1,68000.0,"Em uma aldeia da América do Sul, quatro homens são contratados para transportar uma remessa urgente de nitroglicerina, mas sem o equipamento de segurança.","['Aventura', 'Drama', 'Suspense']",0,0
Ford vs. Ferrari,Ford v Ferrari,2019,152,['James Mangold'],"['Jez Butterworth', 'John-Henry Butterworth', 'Jason Keller']","['Matt Damon', 'Christian Bale', 'Jon Bernthal']",8.1,502000.0,"Um designer de carros e um motorista combatem a interferência corporativa, as leis da física e seus próprios demônios pessoais para construir um carro de corrida revolucionário para a Ford e desafiar a Ferrari nas 24 Horas de Le Mans em 1966.","['Ação', 'Biografia', 'Drama', 'Esportes']",97600000,225508210
A Mulher Faz o Homem,Mr. Smith Goes to Washington,1939,129,['Frank Capra'],"['Sidney Buchman', 'Lewis R. Foster', 'Myles Connolly']","['James Stewart', 'Jean Arthur', 'Claude Rains']",8.1,124000.0,"Um homem ingênuo é eleito para ocupar uma vaga no Senado dos Estados Unidos. Seus planos colidem rapidamente com a corrupção política, mas ele não desiste.","['Comédia', 'Drama']",1900000,146123
Morangos Silvestres,Smultronstället,1957,92,['Ingmar Bergman'],"['Ingmar Bergman', 'Louis Sauvat']","['Victor Sjöström', 'Bibi Andersson', 'Ingrid Thulin']",8.1,118000.0,"Depois de viver uma vida marcada pela frieza, um professor idoso é forçado a confrontar o vazio de sua existência.","['Drama', 'Romance']",0,0
O 3º Homem,The Third Man,1949,104,['Carol Reed'],"['Graham Greene', 'Orson Welles', 'Alexander Korda']","['Orson Welles', 'Joseph Cotten', 'Alida Valli']",8.1,186000.0,"O romancista Holly Martins viaja para sombria, Viena pós-guerra, apenas para ele mesmo investigar a misteriosa morte de um velho amigo, Harry Lime","['Filme noir', 'Mistério', 'Suspense']",0,0
Logan,Logan,2017,137,['James Mangold'],"['James Mangold', 'Scott Frank', 'Michael Green']","['Hugh Jackman', 'Patrick Stewart', 'Dafne Keen']",8.1,869000.0,"Em um futuro em que os mutantes estão quase extintos, um velho e cansado Logan leva uma vida tranquila. Mas quando Laura, uma garota mutante perseguida por cientistas, pede ajuda a ele, ele deve colocá-la em segurança.","['Ação', 'Drama', 'Ficção científica', 'Suspense']",97000000,619180476
"Rocky, um Lutador",Rocky,0,0,['John G. Avildsen'],['Sylvester Stallone'],"['Sylvester Stallone', 'Talia Shire', 'Burt Young']",8.1,646000.0,Um boxer pouco conhecido tem uma grande oportunidade de enfrentar o campeão dos pesos pesados em uma partida em que ele esperaele espera estar à altura da tarefa e divulgar seu nome.,"['Drama', 'Esportes']",960000,117253184
Era uma Vez em Tóquio,Tôkyô monogatari,1953,136,['Yasujirô Ozu'],"['Kôgo Noda', 'Yasujirô Ozu']","['Chishû Ryû', 'Chieko Higashiyama', 'Sô Yamamura']",8.1,71000.0,"Um casal de idosos viaja para Tóquio para visitar seus filhos, mas encontram indiferença, ingratidão e uma marcada diferença cultural. Quando os idosos voltam para casa, entramos em uma profunda reflexão sobre a mortalidade e a família.",['Drama'],0,0
O Grande Lebowski,The Big Lebowski,1998,117,"['Joel Coen', 'Ethan Coen']","['Ethan Coen', 'Joel Coen']","['Jeff Bridges', 'John Goodman', 'Julianne Moore']",8.1,877000.0,"Jeff The Dude Lebowski, foi confundido por um millonário do mesmo nome e procurará restituçao com a ajuda do seus amigos.","['Comédia', 'Policial']",15000000,48066565
O Sétimo Selo,Det sjunde inseglet,1957,96,['Ingmar Bergman'],['Ingmar Bergman'],"['Max von Sydow', 'Gunnar Björnstrand', 'Bengt Ekerot']",8.1,203000.0,"Um homem procura respostas sobre a vida, a morte e a existência de Deus enquanto joga xadrez contra a morte durante a Morte Negra.","['Drama', 'Fantasia']",150000,311212
Spotlight: Segredos Revelados,Spotlight,2015,129,['Tom McCarthy'],"['Josh Singer', 'Tom McCarthy']","['Mark Ruffalo', 'Michael Keaton', 'Rachel McAdams']",8.1,511000.0,A verdadeira historia de como o jornal Boston Globe revelou o escândalo de abuso sexual infantil dentro da igreja católica da cidade e que agitou a toda igreja católica no mundo.,"['Biografia', 'Policial', 'Drama']",20000000,98690254
O Quarto de Jack,Room,2015,118,['Lenny Abrahamson'],['Emma Donoghue'],"['Brie Larson', 'Jacob Tremblay', 'Sean Bridgers']",8.1,460000.0,"Um menino é mantido preso em um quarto com sua mãe desde seu nascimento, por isso sua visão do mundo é muito reduzida.","['Drama', 'Suspense']",13000000,35402766
O Exterminador do Futuro,The Terminator,1984,107,['James Cameron'],"['James Cameron', 'Gale Anne Hurd', 'William Wisher']","['Arnold Schwarzenegger', 'Linda Hamilton', 'Michael Biehn']",8.1,947000.0,"Um assassino ciborgue do futuro tenta encontrar e matar Sarah Connor, uma garçonete que está destinada a ser a mãe de um homem que salvará a humanidade da extinção.","['Ação', 'Aventura', 'Ficção científica']",6400000,78371200
Hotel Ruanda,Hotel Rwanda,2004,121,['Terry George'],"['Keir Pearson', 'Terry George']","['Don Cheadle', 'Sophie Okonedo', 'Joaquin Phoenix']",8.1,378000.0,Paul Rusesabagina era o gerente de um hotel que abrigava mais de mil refugiados tutsis durante sua luta contra a milícia hutu em Ruanda.,"['Biografia', 'Drama', 'História', 'Guerra']",17500000,33882243
Platoon,Platoon,0,0,['Oliver Stone'],['Oliver Stone'],"['Charlie Sheen', 'Tom Berenger', 'Willem Dafoe']",8.1,448000.0,"Um jovem recruta no Vietnã, se vê preso em uma batalha de vontades entre dois sargentos, um bom e outro mau. Um exame perspicaz da brutalidade da guerra e da dualidade do homem em conflito.","['Drama', 'Guerra']",6000000,138545632
Piratas do Caribe: A Maldição do Pérola Negra,Pirates of the Caribbean: The Curse of the Black Pearl,2003,143,['Gore Verbinski'],"['Ted Elliott', 'Terry Rossio', 'Stuart Beattie']","['Johnny Depp', 'Geoffrey Rush', 'Orlando Bloom']",8.1,1200000.0,"O ferreiro Will Turner se une ao excêntrico pirata ""Capitão"" Jack Sparrow para salvar Elizabeth Swann, a filha do governador e seu amor, dos ex-aliados piratas de Jack, que agora são mortos-vivos.","['Ação', 'Aventura', 'Fantasia']",140000000,654264546
O Ódio,La haine,1995,98,['Mathieu Kassovitz'],['Mathieu Kassovitz'],"['Vincent Cassel', 'Hubert Koundé', 'Saïd Taghmaoui']",8.1,204000.0,24 horas na vida de três jovens nos subúrbios franceses no dia seguinte a uma rebelião violenta.,"['Policial', 'Drama']",0,0
Antes do Pôr do Sol,Before Sunset,2004,80,['Richard Linklater'],"['Richard Linklater', 'Julie Delpy', 'Ethan Hawke']","['Ethan Hawke', 'Julie Delpy', 'Vernon Dobtcheff']",8.1,295000.0,"Nove anos depois de se conhecer, o Jesse e a Celine se encontram novamente na França.","['Drama', 'Romance']",2700000,16505440
Jai Bhim,Jai Bhim,2021,164,['T.J. Gnanavel'],"['T.J. Gnanavel', 'Rajendra Sapre']","['Suriya', 'Lijo Mol Jose', 'Manikandan K.']",8.7,222000.0,"Quando um homem tribal é preso por um caso de suposto roubo, sua esposa recorre a um advogado de direitos humanos para ajudá-lo a fazer justiça.","['Policial', 'Drama', 'Mistério']",0,0
O Martírio de Joana D'Arc,La passion de Jeanne d'Arc,1928,110,['Carl Theodor Dreyer'],"['Joseph Delteil', 'Carl Theodor Dreyer']","['Maria Falconetti', 'Eugene Silvain', 'André Berley']",8.1,63000.0,"Em 1431, Joana D'Arc é julgada sob acusações de heresia. Os advogados da Igreja tentam forçar Jeanne a retractar suas reivindicações de visões sagradas.","['Biografia', 'Drama', 'História']",0,0
Os Melhores Anos de Nossa Vida,The Best Years of Our Lives,1946,170,['William Wyler'],"['Robert E. Sherwood', 'MacKinlay Kantor']","['Myrna Loy', 'Dana Andrews', 'Fredric March']",8.1,72000.0,Três veteranos da Segunda Guerra Mundial voltam para casa na cidade pequena da América para descobrir que eles e suas famílias foram mudados irreparavelmente.,"['Drama', 'Romance', 'Guerra']",2100000,23667133
O Exorcista,The Exorcist,1973,122,['William Friedkin'],['William Peter Blatty'],"['Ellen Burstyn', 'Max von Sydow', 'Linda Blair']",8.1,468000.0,"Quando uma adolescente é possuída por uma entidade misteriosa, sua mãe busca a ajuda de um padre, que também é um psiquiatra, para salvar sua filha.",['Terror'],11000000,430872776
O Mágico de Oz,The Wizard of Oz,1939,102,"['Victor Fleming', 'King Vidor']","['Noel Langley', 'Florence Ryerson', 'Edgar Allan Woolf']","['Judy Garland', 'Frank Morgan', 'Ray Bolger']",8.1,438000.0,A Dorothy Gale é levada por um tornado até a mágica cidade de Oz e vá numa viagem com novos amigos que la ajudar a voltar para casa.,"['Aventura', 'Família', 'Fantasia', 'Musical']",2777000,25637669
Rush: No Limite da Emoção,Rush,2013,123,['Ron Howard'],['Peter Morgan'],"['Daniel Brühl', 'Chris Hemsworth', 'Olivia Wilde']",8.1,524000.0,A história da rivalidade impiedosa nos anos 70 entre os rivais de Fórmula 1 James Hunt e Niki Lauda.,"['Ação', 'Biografia', 'Drama', 'Esportes']",38000000,96992516
Os Incríveis,The Incredibles,2004,115,['Brad Bird'],['Brad Bird'],"['Craig T. Nelson', 'Samuel L. Jackson', 'Holly Hunter']",8.0,834000.0,Uma familia de heróis encobertos tentando viver uma vida tranquila se vem obrigados a salvar o mundo.,"['Animação', 'Ação', 'Aventura', 'Família']",92000000,631688498
Rede de Intrigas,Network,1976,121,['Sidney Lumet'],['Paddy Chayefsky'],"['Faye Dunaway', 'William Holden', 'Peter Finch']",8.1,175000.0,Uma rede de televisão explora os delírios e revelações de um homem perturbado.,['Drama'],3800000,23701317
Conta Comigo,Stand by Me,1986,89,['Rob Reiner'],"['Stephen King', 'Raynold Gideon', 'Bruce A. Evans']","['Wil Wheaton', 'River Phoenix', 'Corey Feldman']",8.1,454000.0,"Depois da morte de um de seus velhos amigos, um escritor relembra sua viagem com os amigos de infância para encontrar o corpo de um menino desaparecido.","['Aventura', 'Comédia', 'Drama']",8000000,53522503
Sempre ao Seu Lado,Hachi: A Dog's Tale,2009,93,['Lasse Hallström'],"['Stephen P. Lindsey', 'Kaneto Shindô']","['Richard Gere', 'Joan Allen', 'Cary-Hiroyuki Tagawa']",8.1,320000.0,Um professor universitário se liga a um cachorro abandonado que ele leva para casa.,"['Biografia', 'Drama', 'Família']",16000000,46749646
Um Condenado à Morte Escapou,Un condamné à mort s'est échappé ou Le vent souffle où il veut,1956,101,['Robert Bresson'],"['André Devigny', 'Robert Bresson']","['François Leterrier', 'Charles Le Clainche', 'Maurice Beerblock']",8.2,26000.0,Um soldado da Resistência Francesa capturado durante a Segunda Guerra Mundial projeta uma fuga assustadora de uma prisão nazista na França.,"['Drama', 'Suspense', 'Guerra']",0,0
A Noviça Rebelde,The Sound of Music,1965,172,['Robert Wise'],"['Georg Hurdalek', 'Howard Lindsay', 'Russel Crouse']","['Julie Andrews', 'Christopher Plummer', 'Eleanor Parker']",8.1,268000.0,Uma mulher deixa um convento austríaco para se tornar a instrutora dos filhos de um oficial da marinha viúvo.,"['Biografia', 'Drama', 'Família', 'Musical', 'Romance']",8200000,159484051
Meu Pai e Meu Filho,Babam ve Oglum,2005,112,['Çagan Irmak'],['Çagan Irmak'],"['Çetin Tekindor', 'Fikret Kuskan', 'Hümeyra']",8.2,95000.0,A família de um jornalista de esquerda é separada após o golpe militar na Turquia em 1980.,"['Drama', 'Família']",0,0
A Criada,Ah-ga-ssi,2016,145,['Park Chan-wook'],"['Sarah Waters', 'Chung Seo-kyung', 'Park Chan-wook']","['Kim Min-hee', 'Ha Jung-woo', 'Cho Jin-woong']",8.1,181000.0,"Uma mulher é contratada como criada de uma herdeira japonesa, mas secretamente esta envolvida em um plano para defraudá-la.","['Drama', 'Romance', 'Suspense']",0,0
Ser ou Não Ser,To Be or Not to Be,1942,99,['Ernst Lubitsch'],"['Melchior Lengyel', 'Edwin Justus Mayer', 'Ernst Lubitsch']","['Carole Lombard', 'Jack Benny', 'Robert Stack']",8.1,45000.0,"Durante a ocupação nazista da Polônia, uma trupe de atuação se envolve nos esforços de um soldado polonês para rastrear um espião alemão.","['Comédia', 'Romance', 'Guerra']",0,0
A Batalha de Argel,La battaglia di Algeri,1966,121,['Gillo Pontecorvo'],"['Franco Solinas', 'Gillo Pontecorvo']","['Brahim Hadjadj', 'Jean Martin', 'Yacef Saadi']",8.1,68000.0,"Nos anos 1950, o medo e a violência aumentam à medida que o povo da Argélia luta pela independência do governo francês.","['Drama', 'Guerra']",800000,962002
Na Natureza Selvagem,Into the Wild,2007,148,['Sean Penn'],"['Sean Penn', 'Jon Krakauer']","['Emile Hirsch', 'Vince Vaughn', 'Catherine Keener']",8.1,669000.0,"Depois de terminar a universidade, Christopher McCandless deixa pra trás suas posses e vai para o Alasca viver na natureza.","['Aventura', 'Biografia', 'Drama']",15000000,56676733
O Gigante de Ferro,The Iron Giant,1999,86,['Brad Bird'],"['Tim McCanlies', 'Brad Bird', 'Ted Hughes']","['Eli Marienthal', 'Harry Connick Jr.', 'Jennifer Aniston']",8.1,237000.0,"Um jovem faz amizade com um robô gigante do espaço, um paranóico agente do governo quer que seja destruído.","['Animação', 'Ação', 'Aventura', 'Comédia', 'Drama', 'Família', 'Ficção científica']",70000000,23337631
As Vinhas da Ira,The Grapes of Wrath,1940,129,['John Ford'],"['Nunnally Johnson', 'John Steinbeck']","['Henry Fonda', 'Jane Darwell', 'John Carradine']",8.1,102000.0,"Uma família pobre no Centro-Oeste é forçada a abandonar suas terras. Eles viajam para a Califórnia, sofrendo os infortúnios dos sem-teto na Grande Depressão.",['Drama'],800000,7304
Feitiço do Tempo,Groundhog Day,1993,101,['Harold Ramis'],"['Danny Rubin', 'Harold Ramis']","['Bill Murray', 'Andie MacDowell', 'Chris Elliott']",8.0,701000.0,Um homem vive o mesmo dia uma e outra vez.,"['Comédia', 'Drama', 'Fantasia', 'Romance']",14600000,71108778
Amores Brutos,Amores perros,2000,154,['Alejandro G. Iñárritu'],['Guillermo Arriaga'],"['Emilio Echevarría', 'Gael García Bernal', 'Goya Toledo']",8.0,257000.0,"Um terrível acidente de carro conecta três histórias, cada uma envolvendo personagens que lidam com a perda, o arrependimento e as duras realidades da vida, tudo em nome do amor.","['Drama', 'Suspense']",2000000,20908467
"Rebecca, a Mulher Inesquecível",Rebecca,1940,130,['Alfred Hitchcock'],"['Daphne Du Maurier', 'Robert E. Sherwood', 'Joan Harrison']","['Laurence Olivier', 'Joan Fontaine', 'George Sanders']",8.1,150000.0,Uma mulher autoconsciente faz malabarismos para se ajustar a seu novo papel de esposa de um aristocrata e evitar ser intimidada pela presença espectral de sua primeira esposa.,"['Drama', 'Mistério', 'Romance', 'Suspense']",1288000,113328
Histórias Cruzadas,The Help,2011,146,['Tate Taylor'],"['Tate Taylor', 'Kathryn Stockett']","['Viola Davis', 'Emma Stone', 'Octavia Spencer']",8.1,503000.0,Uma aspirante a escritora durante o movimento dos direitos civis nos anos 60 nos Estados Unidos decide escrever um livro sobre as experiências das criadas negras que trabalhavam para as famílias brancas.,['Drama'],25000000,221802186
Rebeldia Indomável,Cool Hand Luke,1967,127,['Stuart Rosenberg'],"['Donn Pearce', 'Frank Pierson', 'Hal Dresner']","['Paul Newman', 'George Kennedy', 'Strother Martin']",8.0,192000.0,"Um sulista quieto é condenado a dois anos em uma prisão rural, mas se recusa a obedecer.","['Policial', 'Drama']",3200000,1767
A Voz do Silêncio,Koe no katachi,2016,130,"['Taichi Ishidate', 'Naoko Yamada']","['Yoshitoki Ôima', 'Reiko Yoshida']","['Miyu Irino', 'Saori Hayami', 'Aoi Yûki']",8.1,110000.0,"Um jovem é excluído por seus colegas depois de intimidar uma menina surda ao ponto de mudar de escola. Anos depois, ele parte para o caminho da redenção.","['Animação', 'Drama']",0,0
